,Phone_name,Rating,Reviews,Phone_price,Discounted_price,Phone_image
0, Tecno Camon 40 Pro,4.9,41.0,"Rs 69,999","Rs 65,650",https://images.priceoye.pk/tecno-camon-40-pro-pakistan-priceoye-srubz-100x100.webp
1, Samsung Galaxy A17,4.8,47.0,"Rs 59,500","Rs 51,999",https://images.priceoye.pk/samsung-galaxy-a17-pakistan-priceoye-idgtd-100x100.webp
2, Tecno Spark Go 2,4.9,28.0,"Rs 26,999","Rs 24,499",https://images.priceoye.pk/tecno-spark-go-2-pakistan-priceoye-554fi-100x100.webp
3, Samsung Galaxy A56 5G,5.0,68.0,"Rs 137,999","Rs 114,499",https://images.priceoye.pk/samsung-galaxy-a56-pakistan-priceoye-g7u1r-100x100.webp
4, Infinix Hot 60 Pro Plus,5.0,25.0,"Rs 61,999","Rs 58,049",https://images.priceoye.pk/infinix-hot-60-pro-plus-pakistan-priceoye-s0vme-100x100.webp
5, Honor X9d,4.9,7.0,"Rs 109,999","Rs 103,999",https://images.priceoye.pk/honor-x9d-pakistan-priceoye-z8cw7-100x100.webp
6, Realme C85 Pro,5.0,3.0,"Rs 59,999","Rs 52,499",https://images.priceoye.pk/realme-c85-pro-pakistan-priceoye-se8l2-100x100.webp
7, Nothing CMF Phone 2 Pro,5.0,9.0,"Rs 99,900","Rs 91,499",https://images.priceoye.pk/nothing-cmf-phone-2-pro-pakistan-priceoye-q4pfn-100x100.webp
8, Oppo A6,5.0,6.0,"Rs 64,999","Rs 60,999",https://images.priceoye.pk/oppo-a6-pakistan-priceoye-2b09q-100x100.webp
9, Nothing Phone 3A Pro,5.0,3.0,"Rs 179,900","Rs 165,400",https://images.priceoye.pk/nothing-phone-3a-pro-pakistan-priceoye-ozfzb-100x100.webp
10, Vgotel Flex 2,4.9,34.0,"Rs 15,000","Rs 14,299",https://images.priceoye.pk/vgotel-flex-2-pakistan-priceoye-oh646-100x100.webp
11, Apple Iphone 17 Pro Max,5.0,1.0,"Rs 565,000","Rs 529,999",https://images.priceoye.pk/apple-17-pro-max-pakistan-priceoye-5srcg-100x100.webp
12, Xiaomi Poco C75,4.9,182.0,,"Rs 36,999",https://images.priceoye.pk/xiaomi-poco-c75-pakistan-priceoye-aowis-100x100.webp
13, Sego Value 100,5.0,2.0,"Rs 2,199","Rs 1,949",https://images.priceoye.pk/value-100-pakistan-priceoye-2q79a-100x100.webp
14, Sego Value 200,5.0,3.0,"Rs 2,599","Rs 2,149",https://images.priceoye.pk/sego-value-200-pakistan-priceoye-dajtd-100x100.webp
15, Sego Magic 6,,,"Rs 3,099","Rs 2,999",https://images.priceoye.pk/sego-magic-6-pakistan-priceoye-2glim-100x100.webp
16, Memobile I Smart Pro,,,,"Rs 3,349",https://images.priceoye.pk/memobile-i-smart-pro-pakistan-priceoye-7pk4a-100x100.webp
17, Realme Note 60x,4.9,101.0,"Rs 22,999","Rs 20,999",https://images.priceoye.pk/realme-note-60x-pakistan-priceoye-6gtb5-100x100.webp
18, GRESSO 007i,,,"Rs 2,349","Rs 2,199",https://images.priceoye.pk/gresso-007i-pakistan-priceoye-7pznp-100x100.webp
19, Faywa F666,4.3,3.0,"Rs 3,950","Rs 3,049",https://images.priceoye.pk/faywa-f666-pakistan-priceoye-qk2no-100x100.webp
20, Oppo Reno 13 Pro,5.0,2.0,"Rs 219,999","Rs 147,999",https://images.priceoye.pk/oppo-reno-13-pro-pakistan-priceoye-xgsdv-100x100.webp
21, Samsung Galaxy A36 5G,4.8,5.0,"Rs 119,999","Rs 99,999",https://images.priceoye.pk/samsung-galaxy-a36-5g-pakistan-priceoye-kmj64-100x100.webp
22, HMD Barbie,5.0,6.0,"Rs 15,999","Rs 13,299",https://images.priceoye.pk/hmd-barbie-pakistan-priceoye-7urc8-100x100.webp
23, Vivo X200 FE,,,"Rs 219,999","Rs 194,999",https://images.priceoye.pk/vivo-x200-fe-pakistan-priceoye-jp88n-100x100.webp
24, Sego Magic Power,3.0,2.0,"Rs 2,750","Rs 2,449",https://images.priceoye.pk/sego-magic-power-pakistan-priceoye-3e1bw-100x100.webp
25, AllCall Magic 15 Pro,5.0,1.0,"Rs 23,999","Rs 19,399",https://images.priceoye.pk/allcall-magic-15-pro-pakistan-priceoye-yzaxf-100x100.webp
26, Infinix Smart 10,4.8,5.0,"Rs 26,999","Rs 25,299",https://images.priceoye.pk/infinix-smart-10-pakistan-priceoye-wtjs7-100x100.webp
27, Sego S25,,,"Rs 34,999","Rs 25,999",https://images.priceoye.pk/sego-s25-pakistan-priceoye-fxm3m-100x100.webp
28, GFive Note 25,5.0,1.0,,"Rs 20,499",https://images.priceoye.pk/gfive-pakistan-priceoye-mppsd-100x100.webp
29, Infinix Hot 60 Pro,4.9,40.0,"Rs 49,999","Rs 47,299",https://images.priceoye.pk/infinix-hot-60-pro-pakistan-priceoye-bixki-100x100.webp
30, VGO Tel New 26 lite,5.0,3.0,"Rs 24,500","Rs 23,799",https://images.priceoye.pk/vgo-tel-new-26-lite-pakistan-priceoye-ko3hf-100x100.webp
31, Villaon V25s,5.0,3.0,"Rs 9,999","Rs 9,299",https://images.priceoye.pk/villaon-v25s-pakistan-priceoye-ls3ul-100x100.webp
32, Nothing Phone 3A,5.0,7.0,"Rs 149,900","Rs 138,400",https://images.priceoye.pk/nothing-phone-3a-pakistan-priceoye-31lt6-100x100.webp
33, Xiaomi Redmi 15C,5.0,24.0,"Rs 35,199","Rs 30,999",https://images.priceoye.pk/xiaomi-redmi-15c-pakistan-priceoye-c4z95-100x100.webp
34, Apple Iphone 17 Air,,,"Rs 428,500","Rs 414,999",https://images.priceoye.pk/apple-iphone-17-air-pakistan-priceoye-cn5xh-100x100.webp
35, Itel A100,5.0,2.0,,"Rs 24,499",https://images.priceoye.pk/itel-a100-pakistan-priceoye-e1m2r-100x100.webp
36, Xiaomi 15T,5.0,6.0,"Rs 169,999","Rs 163,499",https://images.priceoye.pk/xiaomi-15t-pakistan-priceoye-y6orq-100x100.webp
37, Xiaomi 15T Pro,5.0,7.0,"Rs 239,999","Rs 225,999",https://images.priceoye.pk/xiaomi-15t-pro-pakistan-priceoye-54bj6-100x100.webp
38, Xiaomi Redmi 15,4.9,13.0,"Rs 48,999","Rs 42,499",https://images.priceoye.pk/xiaomi-redmi-15-pakistan-priceoye-se2kc-100x100.webp
39, QMobile Q5606,,,"Rs 2,999","Rs 2,499",https://images.priceoye.pk/qmobile-q5606-pakistan-priceoye-yh145-100x100.webp
40, Me Mobile Cammando,,,"Rs 3,999","Rs 3,199",https://images.priceoye.pk/me-mobile-cammando-pakistan-priceoye-e386z-100x100.webp
41, Gfive G5 power,,,"Rs 2,999","Rs 2,885",https://images.priceoye.pk/gfive-g5-power-pakistan-priceoye-nkgwl-100x100.webp
42, Gfive G7610,,,"Rs 2,999","Rs 2,899",https://images.priceoye.pk/gfive-g7610-pakistan-priceoye-2a6so-100x100.webp
43, Gfive G96,5.0,3.0,"Rs 3,999","Rs 3,599",https://images.priceoye.pk/gfive-g96-pakistan-priceoye-2k8pd-100x100.webp
44, GFive Ultra Slim,4.0,1.0,"Rs 3,999","Rs 3,099",https://images.priceoye.pk/gfive-ultra-slim-pakistan-priceoye-uxfgm-100x100.webp
45, Club Mobile Super Star,,,"Rs 3,399","Rs 3,049",https://images.priceoye.pk/clubmobile-super-star-pakistan-priceoye-k8x50-100x100.webp
46, Club Mobile Power 555,,,"Rs 2,999","Rs 2,799",https://images.priceoye.pk/club-mobile-power-555-pakistan-priceoye-tqvuq-100x100.webp
47, Itel It5032,,,"Rs 3,999","Rs 3,399",https://images.priceoye.pk/itel-it5032-pakistan-priceoye-0axvt-100x100.webp
48, XMobile Platinum 5000,,,"Rs 3,999","Rs 3,249",https://images.priceoye.pk/xmobile-platinum-5000-pakistan-priceoye-hh2va-100x100.webp
49, Spice S7 Power,,,"Rs 2,799","Rs 2,349",https://images.priceoye.pk/spice-s7-power-pakistan-priceoye-25t8o-100x100.webp
50, Villaon V50s,,,"Rs 19,999","Rs 18,649",https://images.priceoye.pk/villaon-v50s-pakistan-priceoye-5niya-100x100.webp
51, Faywa HD 1,,,"Rs 3,300","Rs 2,999",https://images.priceoye.pk/faywa-hd-1-pakistan-priceoye-f1qmv-100x100.webp
52, OPPO Reno 15,5.0,1.0,,"Rs 159,999",https://images.priceoye.pk/oppo-reno15-pakistan-priceoye-12386-100x100.webp
53, Digit D2,,,,"Rs 3,299",https://images.priceoye.pk/digit-d2-pakistan-priceoye-l3yqo-100x100.webp
54, QMobile Qsmart Blaze,4.8,41.0,"Rs 21,999","Rs 17,499",https://images.priceoye.pk/qmobile-qsmart-blaze-pakistan-priceoye-985th-100x100.webp
55, Itel Magic 4,4.8,18.0,"Rs 4,099","Rs 3,349",https://images.priceoye.pk/itel-magic-4-it6360-pakistan-priceoye-26xrc-100x100.webp
56, QMobile QHero,5.0,1.0,"Rs 3,299","Rs 3,249",https://images.priceoye.pk/qmobile-qhero-pakistan-priceoye-0vt62-100x100.webp
57, Qmobile Classic,4.0,1.0,,"Rs 2,849",https://images.priceoye.pk/q-classic-pakistan-priceoye-i6sqe-100x100.webp
58, GFive Lion,5.0,1.0,"Rs 3,350","Rs 3,099",https://images.priceoye.pk/gfive-lion-pakistan-priceoye-j8gps-100x100.webp
59, Villaon V5606,5.0,1.0,,"Rs 2,349",https://images.priceoye.pk/villaon-v5606-pakistan-priceoye-7rj35-100x100.webp
60, Villaon V110,4.5,2.0,,"Rs 2,099",https://images.priceoye.pk/villaon-v110-pakistan-priceoye-ruac5-100x100.webp
61, Itel It2165,4.8,34.0,"Rs 2,399","Rs 2,249",https://images.priceoye.pk/itel-it2165-pakistan-priceoye-86qt9-100x100.webp
62, Xiaomi Redmi 13,4.8,295.0,"Rs 37,999","Rs 36,999",https://images.priceoye.pk/redmi-13-pakistan-priceoye-equgi-100x100.webp
63, E-Tachi B12 Star,5.0,1.0,"Rs 2,999","Rs 2,399",https://images.priceoye.pk/e-tachi-b12-star-pakistan-priceoye-e2mt0-100x100.webp
64, E-Tachi Ipro shine,,,,"Rs 4,349",https://images.priceoye.pk/e-tachi-ipro-shine-pakistan-priceoye-coc1k-100x100.webp
65, Calme 4G Hot,5.0,21.0,,"Rs 6,499",https://images.priceoye.pk/calme-4g-hot-pakistan-priceoye-2z1yz-100x100.webp
66, Samsung Galaxy Z Flip 6,5.0,3.0,"Rs 384,999","Rs 304,999",https://images.priceoye.pk/z-flip-6-pakistan-priceoye-s169r-100x100.webp
67, Itel Neo X30+,4.8,21.0,"Rs 6,899","Rs 4,999",https://images.priceoye.pk/itel-neo-x30-pakistan-priceoye-gphno-100x100.webp
68, Calme Ultra Lite S,5.0,1.0,"Rs 2,799","Rs 2,699",https://images.priceoye.pk/calme-ultra-lite-s-pakistan-priceoye-g596t-100x100.webp
69, E-Tachi B2 Pro,,,"Rs 2,999","Rs 2,699",https://images.priceoye.pk/e-tachi-b2-pro-pakistan-priceoye-vb9ae-100x100.webp
70, E-Tachi Magic E4,,,,"Rs 3,849",https://images.priceoye.pk/e-tachi-magic-e4-pakistan-priceoye-49eyi-100x100.webp
71, Gfive Music 100,,,"Rs 2,999","Rs 2,399",https://images.priceoye.pk/gfive-music-100-pakistan-priceoye-a53kw-100x100.webp
72, E-Tachi B2 Pro,,,"Rs 2,999","Rs 2,699",https://images.priceoye.pk/e-tachi-b2-pro-pakistan-priceoye-vb9ae-100x100.webp
73, E-Tachi Magic E4,,,,"Rs 3,849",https://images.priceoye.pk/e-tachi-magic-e4-pakistan-priceoye-49eyi-100x100.webp
74, Gfive Music 100,,,"Rs 2,999","Rs 2,399",https://images.priceoye.pk/gfive-music-100-pakistan-priceoye-a53kw-100x100.webp
75, Calme 4G turbo,4.8,2.0,,"Rs 5,999",https://images.priceoye.pk/calme-4g-turbo-pakistan-priceoye-gpdlk-100x100.webp
76, Calme 4g Platinum,4.9,7.0,,"Rs 6,499",https://images.priceoye.pk/calme-4g-platinum-pakistan-priceoye-u9tfd-100x100.webp
77, Xiaomi Redmi Note 14 Pro,4.8,92.0,"Rs 79,999","Rs 69,999",https://images.priceoye.pk/xiaomi-redmi-note-14-pro-pakistan-priceoye-b73ki-100x100.webp
78, Xiaomi Redmi 14C,4.8,203.0,"Rs 34,999","Rs 31,999",https://images.priceoye.pk/xiaomi-redmi-14c-pakistan-priceoye-d7soa-100x100.webp
79, E-Tachi E8 Classic,5.0,1.0,"Rs 3,649","Rs 3,549",https://images.priceoye.pk/e-tachi-e8-classic-pakistan-priceoye-4x8d2-100x100.webp
80, Spice Muzik 400 Core,,,"Rs 2,999","Rs 2,349",https://images.priceoye.pk/spice-muzik-400-core-pakistan-priceoye-snb00-100x100.webp
81, XMobile Music King,,,,"Rs 3,099",https://images.priceoye.pk/xmobile-music-king-pakistan-priceoye-5tksc-100x100.webp
82, VGO TEL i102,5.0,1.0,"Rs 2,599","Rs 2,549",https://images.priceoye.pk/vgo-tel-i102-pakistan-priceoye-17uxw-100x100.webp
83, Xmobile D4 Ultra,,,"Rs 4,099","Rs 2,999",https://images.priceoye.pk/xmobile-d4-ultra-pakistan-priceoye-0mefp-100x100.webp
84, Xiaomi Redmi A2 Plus,4.9,547.0,"Rs 20,999","Rs 19,999",https://images.priceoye.pk/xiaomi-redmi-a2-plus-pakistan-priceoye-cxgrk-100x100.webp
85, Villaon V220,,,,"Rs 2,899",https://images.priceoye.pk/villaon-v220-pakistan-priceoye-txigj-100x100.webp
86, Villaon V230,,,"Rs 3,999","Rs 3,099",https://images.priceoye.pk/villaon-v230-pakistan-priceoye-vhahz-100x100.webp
87, Hello Tech G3,,,,"Rs 2,599",https://images.priceoye.pk/hello-tech-g3-pakistan-priceoye-zalfo-100x100.webp
88, GFive Big Falak,5.0,1.0,"Rs 3,149","Rs 2,849",https://images.priceoye.pk/gfive-big-falak-pakistan-priceoye-z856b-100x100.webp
89, Itel Power 450,5.0,1.0,"Rs 3,899","Rs 3,699",https://images.priceoye.pk/itel-power-450-pakistan-priceoye-59ka7-100x100.webp
90, Infinix Hot 50 Pro Plus,4.8,57.0,"Rs 58,999","Rs 54,500",https://images.priceoye.pk/infinix-hot-50-pro-plus-pakistan-priceoye-5vcg7-100x100.webp
91, Nokia 5310 (2020),4.8,29.0,"Rs 10,399","Rs 9,599",https://images.priceoye.pk/nokia-5310-2020-pakistan-priceoye-pipc4-100x100.webp
92, Faywa Smart Flip,4.7,3.0,"Rs 3,750","Rs 3,049",https://images.priceoye.pk/faywa-smart-flip-pakistan-priceoye-y2fu5-100x100.webp
93, Sego 200S,,,"Rs 2,399","Rs 2,249",https://images.priceoye.pk/sego-200-s-pakistan-priceoye-m7d77-100x100.webp
94, Club mobile A3000 Plus,,,"Rs 3,399","Rs 3,299",https://images.priceoye.pk/vgotel-i-104-pakistan-priceoye-lbhn1-100x100.webp
95, Hello Tech B100,,,"Rs 2,899","Rs 2,649",https://images.priceoye.pk/hello-tech-b100-pakistan-priceoye-g3ux9-100x100.webp
96, VGO TEL i104,5.0,5.0,,"Rs 2,349",https://images.priceoye.pk/vgo-tel-i104-pakistan-priceoye-wsgr4-100x100.webp
97, Spice ipro Ultra,,,,"Rs 3,499",https://images.priceoye.pk/spice-ipro-ultra-pakistan-priceoye-rmlwi-100x100.webp
98, Itel Muzik 400 pro,3.0,2.0,"Rs 4,699","Rs 3,749",https://images.priceoye.pk/itel-muzik-400-pro-pakistan-priceoye-u8ywn-100x100.webp
99, Faywa F222,,,"Rs 3,299","Rs 2,499",https://images.priceoye.pk/faywa-f222-pakistan-priceoye-2keyv-100x100.webp
100, Vivo Y04,4.9,15.0,"Rs 35,999","Rs 32,999",https://images.priceoye.pk/vivo-y04-pakistan-priceoye-tv16x-100x100.webp
101, Xiaomi Redmi A5,4.8,85.0,"Rs 27,999","Rs 23,499",https://images.priceoye.pk/xiaomi-redmi-a5-pakistan-priceoye-4jqr9-100x100.webp
102, Oppo A5 Pro,4.7,24.0,"Rs 54,999","Rs 50,499",https://images.priceoye.pk/oppo-a5-pro-pakistan-priceoye-wmued-100x100.webp
103, Club Mobile Winner,,,,"Rs 3,299",https://images.priceoye.pk/club-mobile-winner-pakistan-priceoye-tzbua-100x100.webp
104, Qmobile Q Nova,,,,"Rs 2,949",https://images.priceoye.pk/qmobile-q-nova-pakistan-priceoye-z7hp5-100x100.webp
105, Realme C71,4.9,41.0,"Rs 37,999","Rs 35,999",https://images.priceoye.pk/realme-c71-pakistan-priceoye-fn5s7-100x100.webp
106, Sego Value 101,5.0,1.0,,"Rs 2,199",https://images.priceoye.pk/sego-value-101-pakistan-priceoye-9uxm7-100x100.webp
107, sego super 4g,,,"Rs 6,000","Rs 4,799",https://images.priceoye.pk/sego-super-4g-pakistan-priceoye-91tg3-100x100.webp
108, Itel ace 2 power,5.0,2.0,"Rs 2,999","Rs 2,849",https://images.priceoye.pk/itel-ace-2-power-pakistan-priceoye-v35xa-100x100.webp
109, Itel it2181,5.0,1.0,,"Rs 2,999",https://images.priceoye.pk/itel-it-2181-pakistan-priceoye-dphfm-100x100.webp
110, Sego Smart 10,5.0,2.0,"Rs 20,999","Rs 19,759",https://images.priceoye.pk/sego-smart-10-pakistan-priceoye-752an-100x100.webp
111, Faywa Eagle 4,5.0,6.0,,"Rs 2,999",https://images.priceoye.pk/faywa-eagle-4-pakistan-priceoye-5x2zd-100x100.webp
112, Dcode Bold 4,5.0,3.0,"Rs 34,999","Rs 27,999",https://images.priceoye.pk/decode-bold-4-pakistan-priceoye-b8ond-100x100.webp
113, Oppo A6 Pro,4.8,6.0,"Rs 89,999","Rs 83,999",https://images.priceoye.pk/oppo-a6-pro-pakistan-priceoye-4ztwe-100x100.webp
114, QMobile Boom 500,,,"Rs 3,349","Rs 2,999",https://images.priceoye.pk/qmobile-boom-500-pakistan-priceoye-s5gru-100x100.webp
115, VGO TEL New 17,,,"Rs 22,000","Rs 20,499",https://images.priceoye.pk/vgo-tel-new-17-pakistan-priceoye-st0nm-100x100.webp
116, Villaon V200S,,,,"Rs 2,199",https://images.priceoye.pk/villaon-v200s-pakistan-priceoye-1yci5-100x100.webp
117, Club Mobile Club Speaker,,,"Rs 3,999","Rs 3,299",https://images.priceoye.pk/club-mobile-club-speaker-pakistan-priceoye-idv50-100x100.webp
118, Spice S404,,,"Rs 2,399","Rs 2,349",https://images.priceoye.pk/spice-s404-pakistan-priceoye-3xlmz-100x100.webp
119, Nothing Phone 3,,,"Rs 329,900","Rs 310,999",https://images.priceoye.pk/nothing-phone-3-pakistan-priceoye-yg8o6-100x100.webp
120, Sparx Neo 15 Pro,,,"Rs 23,500","Rs 21,499",https://images.priceoye.pk/sparx-neo-15-pro-pakistan-priceoye-a54gr-100x100.webp
121, Tecno Spark Go 3,,,,"Rs 29,999",https://images.priceoye.pk/tecno-spark-go-3-pakistan-priceoye-iqj79-100x100.webp
122, Oppo Reno 15F,,,,"Rs 119,999",https://images.priceoye.pk/oppo-reno-15f-pakistan-priceoye-ifmn1-100x100.webp
123, Honor X5c,,,"Rs 27,999","Rs 26,199",https://images.priceoye.pk/honor-x5c-pakistan-priceoye-u3d45-100x100.webp
124, Vivo Y05,,,"Rs 33,999","Rs 30,999",https://images.priceoye.pk/vivo-y05-pakistan-priceoye-035r8-100x100.webp
125, Digit Prime,,,,"Rs 2,399",https://images.priceoye.pk/digit-prime-pakistan-priceoye-505rf-100x100.webp
126, Digit Legend,,,,"Rs 2,249",https://images.priceoye.pk/digit-legend-pakistan-priceoye-lkwys-100x100.webp
127, Faywa J2 CLASSIC,,,"Rs 3,249","Rs 2,949",https://images.priceoye.pk/faywa-j2-classic-pakistan-priceoye-5wlxq-100x100.webp
128, Nokia 106 2023,4.9,147.0,"Rs 4,999","Rs 4,699",https://images.priceoye.pk/nokia-106-2023-pakistan-priceoye-x57fb-100x100.webp
129, Xiaomi Redmi Note 13,4.9,596.0,"Rs 52,999","Rs 45,499",https://images.priceoye.pk/xiaomi-redmi-note-13-pakistan-priceoye-kbzfb-100x100.webp
130, itel Flip 1,4.7,36.0,"Rs 6,399","Rs 3,399",https://images.priceoye.pk/itel-flip-1-pakistan-priceoye-afslh-100x100.webp
131, Tecno Spark 20 Pro Plus,4.8,157.0,,"Rs 59,999",https://images.priceoye.pk/tecno-spark-20-pro-plus-pakistan-priceoye-86rce-100x100.webp
132, Itel S24,4.8,237.0,,"Rs 33,999",https://images.priceoye.pk/itel-s24-pakistan-priceoye-sabyj-100x100.webp
133, VGO TEL Beauty Max,5.0,1.0,,"Rs 3,649",https://images.priceoye.pk/vgo-tel-beauty-max-pakistan-priceoye-3pypt-100x100.webp
134, Faywa Smart 4G,4.9,14.0,"Rs 9,499","Rs 7,199",https://images.priceoye.pk/faywa-smart-4g-pakistan-priceoye-h2wy8-100x100.webp
135, Memobile ismart,3.3,3.0,"Rs 3,299","Rs 3,249",https://images.priceoye.pk/memobile-ismart-pakistan-priceoye-5q1at-100x100.webp
136, GFive 4G Style,5.0,1.0,"Rs 8,000","Rs 7,499",https://images.priceoye.pk/gfive-4g-style-pakistan-priceoye-r3llt-100x100.webp
137, Samsung Galaxy Z Fold 6,5.0,2.0,"Rs 604,999","Rs 485,999",https://images.priceoye.pk/samsung-galaxy-z-fold-6-pakistan-priceoye-6jsny-100x100.webp
138, GFive Music 300,3.0,3.0,,"Rs 2,499",https://images.priceoye.pk/gfive-music-300-pakistan-priceoye-9s7fg-100x100.webp
139, Xiaomi Redmi Note 14,4.9,198.0,"Rs 55,999","Rs 48,799",https://images.priceoye.pk/xiaomi-redmi-note-14-pakistan-priceoye-xhh9b-100x100.webp
140, Club Mobile 15 pro Metal,5.0,1.0,,"Rs 3,199",https://images.priceoye.pk/club-mobile-15-pro-metal-pakistan-priceoye-kx0tr-100x100.webp
141, E-TACHI B01,4.0,1.0,"Rs 2,699","Rs 2,349",https://images.priceoye.pk/e-tachi-b01-pakistan-priceoye-m0rcy-100x100.webp
142, Xiaomi 15 Ultra,,,"Rs 399,999","Rs 372,999",https://images.priceoye.pk/xiaomi-15-ultra-pakistan-priceoye-dpmxy-100x100.webp
143, GFive iMaxx,4.0,1.0,"Rs 2,949","Rs 2,849",https://images.priceoye.pk/gfive-imaxx-pakistan-priceoye-a4b8j-100x100.webp
144, Nokia 125 (2024),4.9,25.0,"Rs 5,999","Rs 5,299",https://images.priceoye.pk/nokia-pakistan-priceoye-lk8q8-100x100.webp
145, Nokia 5310 (2020),4.8,29.0,"Rs 10,399","Rs 9,599",https://images.priceoye.pk/nokia-5310-2020-pakistan-priceoye-pipc4-100x100.webp
146, Nokia 6310 (2021),4.8,28.0,"Rs 11,399","Rs 10,499",https://images.priceoye.pk/nokia-6310-2021-pakistan-priceoye-9dmo8-100x100.webp
147, Realme C25Y,4.9,101.0,"Rs 49,999","Rs 23,499",https://images.priceoye.pk/realme-c25y-pakistan-priceoye-fsh2p-100x100.webp
148, Samsung Galaxy S21 FE,4.8,101.0,"Rs 162,999","Rs 99,999",https://images.priceoye.pk/samsung-galaxy-s21-fe-pakistan-priceoye-7d8x8-100x100.webp
149, VGO TEL i251,4.5,6.0,"Rs 3,399","Rs 3,199",https://images.priceoye.pk/vgo-tel-i251-pakistan-priceoye-yulr6-100x100.webp
150, REMAXX R105,5.0,2.0,,"Rs 2,549",https://images.priceoye.pk/remaxx-r105-pakistan-priceoye-3kbeh-100x100.webp
151, Dcode Bold 2,4.9,27.0,"Rs 23,999","Rs 20,299",https://images.priceoye.pk/dcode-bold-2-pakistan-priceoye-4xtgk-100x100.webp
152, E-Tachi B105 Lite,4.9,6.0,"Rs 2,699","Rs 2,499",https://images.priceoye.pk/e-tachi-b105-lite-pakistan-priceoye-2sh63-100x100.webp
153, GRESSO Turbo 2 Plus,5.0,3.0,,"Rs 2,899",https://images.priceoye.pk/gresso-turbo-2-pakistan-priceoye-3800t-100x100.webp
154, E-Tachi iPro,5.0,14.0,"Rs 4,999","Rs 3,649",https://images.priceoye.pk/e-tachi-ipro-pakistan-priceoye-4xe2m-100x100.webp
155, Xmobile D4 Lite,4.5,2.0,"Rs 4,049","Rs 3,249",https://images.priceoye.pk/xmobile-d4-lite-pakistan-priceoye-qq2t6-100x100.webp
156, Faywa F6,5.0,3.0,"Rs 2,449","Rs 1,949",https://images.priceoye.pk/faywa-f6-pakistan-priceoye-ss5qj-100x100.webp
157, Samsung Galaxy A54 5G,4.9,175.0,"Rs 140,999","Rs 80,500",https://images.priceoye.pk/samsung-galaxy-a54-5g-pakistan-priceoye-3x6ig-100x100.webp
158, Samsung Galaxy Z Fold 5,5.0,3.0,"Rs 656,999","Rs 325,999",https://images.priceoye.pk/samsung-galaxy-z-fold-5-pakistan-priceoye-v7du0-100x100.webp
159, Samsung Galaxy Z Flip 5,5.0,2.0,"Rs 399,999","Rs 224,999",https://images.priceoye.pk/samsung-galaxy-z-flip-5-pakistan-priceoye-xks8x-100x100.webp
160, VGO TEL iMusic,4.0,4.0,"Rs 4,199","Rs 3,899",https://images.priceoye.pk/vgo-tel-imusic-pakistan-priceoye-rdf6x-100x100.webp
161, VGO TEL i10,5.0,4.0,,"Rs 3,749",https://images.priceoye.pk/vgo-tel-i10-pakistan-priceoye-0iorf-100x100.webp
162, Motorola Edge 50 Ultra,3.0,1.0,"Rs 249,999","Rs 231,999",https://images.priceoye.pk/motorola-edge-50-ultra-pakistan-priceoye-5qgsh-100x100.webp
163, E-Tachi E550 Lite,4.7,3.0,"Rs 3,999","Rs 3,849",https://images.priceoye.pk/e-tachi-e550-lite-pakistan-priceoye-4wg0j-100x100.webp
164, VgoTel Easy 200 lite,,,,"Rs 2,799",https://images.priceoye.pk/vgotel-easy-200-lite-pakistan-priceoye-1ifu3-100x100.webp
165, VGO TEL i16,5.0,1.0,"Rs 3,999","Rs 3,799",https://images.priceoye.pk/vgo-tel-i16-pakistan-priceoye-qlb62-100x100.webp
166, XMobile Muisc 400 Mini,,,,"Rs 2,700",https://images.priceoye.pk/xmobile-muisc-400-mini-pakistan-priceoye-ur4wm-100x100.webp
167, XMobile Dhoom Plus,,,"Rs 2,999","Rs 2,899",https://images.priceoye.pk/xmobile-dhoom-plus-pakistan-priceoye-6htbd-100x100.webp
168, Xmobile x4 pro,,,"Rs 3,499","Rs 3,249",https://images.priceoye.pk/xmobile-x4-pro-pakistan-priceoye-uxo68-100x100.webp
169, Itel Muzik 450,4.7,4.0,"Rs 3,999","Rs 3,499",https://images.priceoye.pk/itel-muzik-450-pakistan-priceoye-y9qkg-100x100.webp
170, Faywa F555,5.0,1.0,"Rs 3,950","Rs 3,099",https://images.priceoye.pk/faywa-f555-pakistan-priceoye-khnjj-100x100.webp
171, Nothing CMF Phone 1,4.8,12.0,"Rs 84,900","Rs 66,399",https://images.priceoye.pk/nothing-cmf-phone-1-pakistan-priceoye-6mo6r-100x100.webp
172, Nothing Phone (2a),5.0,2.0,"Rs 144,900","Rs 109,900",https://images.priceoye.pk/nothing-phone-2a-pakistan-priceoye-dde4e-100x100.webp
173, Itel Signal 10,4.5,6.0,,"Rs 2,799",https://images.priceoye.pk/itel-signal-10-pakistan-priceoye-rmtpj-100x100.webp
174, Hmd 150 Music,4.8,4.0,"Rs 6,299","Rs 6,199",https://images.priceoye.pk/hmd-150-music-pakistan-priceoye-tia03-100x100.webp
175, GFive 4g Pro Max,4.6,9.0,,"Rs 7,999",https://images.priceoye.pk/gfive-4g-pro-max-pakistan-priceoye-3lm8q-100x100.webp
176, Honor X7c,4.9,15.0,"Rs 47,999","Rs 42,999",https://images.priceoye.pk/honor-x7c-pakistan-priceoye-i454n-100x100.webp
177, Sego iPro,4.0,1.0,"Rs 11,999","Rs 9,299",https://images.priceoye.pk/sego-ipro-pakistan-priceoye-6uix5-100x100.webp
178, Sego music 500,,,"Rs 3,650","Rs 3,199",https://images.priceoye.pk/sego-music-500-pakistan-priceoye-41qmo-100x100.webp
179, Sego Power 200s,5.0,1.0,"Rs 2,499","Rs 2,449",https://images.priceoye.pk/sego-power-200s-pakistan-priceoye-xh010-100x100.webp
180, Hello Tech E7,,,"Rs 2,550","Rs 2,499",https://images.priceoye.pk/hello-tech-e7-pakistan-priceoye-wnnof-100x100.webp
181, Hello Tech E5,,,"Rs 2,550","Rs 2,299",https://images.priceoye.pk/hello-tech-e5-pakistan-priceoye-l5vd2-100x100.webp
182, Hello Tech V2,,,,"Rs 2,399",https://images.priceoye.pk/hello-tech-v2-pakistan-priceoye-cwq46-100x100.webp
183, Club Mobile Rambo,5.0,1.0,,"Rs 3,199",https://images.priceoye.pk/club-mobile-rambo-pakistan-priceoye-phfbu-100x100.webp
184, Nokia 3210,4.9,16.0,"Rs 12,399","Rs 11,599",https://images.priceoye.pk/nokia-3210-pakistan-priceoye-ivkqn-100x100.webp
185, CALME M23,5.0,2.0,,"Rs 2,549",https://images.priceoye.pk/calme-m23-pakistan-priceoye-ysoku-100x100.webp
186, GRESSO CR7,5.0,2.0,,"Rs 2,799",https://images.priceoye.pk/gresso-cr-pakistan-priceoye-saxv5-100x100.webp
187, Samsung Galaxy Z Flip 4,4.9,14.0,"Rs 332,999","Rs 184,999",https://images.priceoye.pk/samsung-galaxy-z-flip-4-pakistan-priceoye-fsy4p-100x100.webp
188, XMobile Champion,,,"Rs 3,599","Rs 3,499",https://images.priceoye.pk/xmobile-champion-pakistan-priceoye-h6jxs-100x100.webp
189, Spice S5026,,,,"Rs 2,999",https://images.priceoye.pk/spice-s5026-pakistan-priceoye-gjpjv-100x100.webp
190, me Mobile L109,,,"Rs 2,350","Rs 2,249",https://images.priceoye.pk/me-mobile-l-109-pakistan-priceoye-qv1r4-100x100.webp
191, QMobile SL100,,,"Rs 4,099","Rs 3,799",https://images.priceoye.pk/qmobile-sl100-pakistan-priceoye-duas0-100x100.webp
192, XMobile X1000 Music,,,,"Rs 3,999",https://images.priceoye.pk/xmobile-x1000-music-pakistan-priceoye-xz29a-100x100.webp
193, XMobile X2 Play,5.0,1.0,"Rs 2,449","Rs 2,199",https://images.priceoye.pk/xmobile-x2-play-pakistan-priceoye-02g48-100x100.webp
194, VGO TEL i710,5.0,1.0,,"Rs 4,299",https://images.priceoye.pk/vgo-tel-i710-pakistan-priceoye-odafi-100x100.webp
195, Calme C251,5.0,1.0,,"Rs 2,949",https://images.priceoye.pk/calme-c251-pakistan-priceoye-vek5b-100x100.webp
196, Xiaomi Redmi Note 12,4.9,711.0,"Rs 48,999","Rs 40,999",https://images.priceoye.pk/xiaomi-redmi-note-12-pakistan-priceoye-0izxw-100x100.webp
197, Xmobile X6,,,,"Rs 3,099",https://images.priceoye.pk/xmobile-x6-pakistan-priceoye-s1uup-100x100.webp
198, XMOBILE X1 PLAY,,,,"Rs 2,499",https://images.priceoye.pk/xmobile-x1-play-pakistan-priceoye-94k1d-100x100.webp
199, Calme Spark,5.0,2.0,,"Rs 2,799",https://images.priceoye.pk/calme-spark-1-pakistan-priceoye-9bjin-100x100.webp
200, Xmobile X101 Plus,,,,"Rs 2,749",https://images.priceoye.pk/xmobile-x101-plus-pakistan-priceoye-qlz82-100x100.webp
201, E-Tachi iPro Max,5.0,3.0,"Rs 4,899","Rs 3,999",https://images.priceoye.pk/e-tachi-ipro-max-pakistan-priceoye-syun0-100x100.webp
202, Gfive Pro Max,4.9,7.0,"Rs 3,949","Rs 3,049",https://images.priceoye.pk/gfive-pro-max-pakistan-priceoye-wxygf-100x100.webp
203, VGO TEL iMusic,4.0,4.0,"Rs 4,199","Rs 3,899",https://images.priceoye.pk/vgo-tel-imusic-pakistan-priceoye-rdf6x-100x100.webp
204, VGO TEL i10,5.0,4.0,,"Rs 3,749",https://images.priceoye.pk/vgo-tel-i10-pakistan-priceoye-0iorf-100x100.webp
205, Motorola Edge 50 Ultra,3.0,1.0,"Rs 249,999","Rs 231,999",https://images.priceoye.pk/motorola-edge-50-ultra-pakistan-priceoye-5qgsh-100x100.webp
206, E-Tachi E550 Lite,4.7,3.0,"Rs 3,999","Rs 3,849",https://images.priceoye.pk/e-tachi-e550-lite-pakistan-priceoye-4wg0j-100x100.webp
207, VgoTel Easy 200 lite,,,,"Rs 2,799",https://images.priceoye.pk/vgotel-easy-200-lite-pakistan-priceoye-1ifu3-100x100.webp
208, VGO TEL i16,5.0,1.0,"Rs 3,999","Rs 3,799",https://images.priceoye.pk/vgo-tel-i16-pakistan-priceoye-qlb62-100x100.webp
209, XMobile Muisc 400 Mini,,,,"Rs 2,700",https://images.priceoye.pk/xmobile-muisc-400-mini-pakistan-priceoye-ur4wm-100x100.webp
210, XMobile Dhoom Plus,,,"Rs 2,999","Rs 2,899",https://images.priceoye.pk/xmobile-dhoom-plus-pakistan-priceoye-6htbd-100x100.webp
211, Xmobile x4 pro,,,"Rs 3,499","Rs 3,249",https://images.priceoye.pk/xmobile-x4-pro-pakistan-priceoye-uxo68-100x100.webp
212, Itel Muzik 450,4.7,4.0,"Rs 3,999","Rs 3,499",https://images.priceoye.pk/itel-muzik-450-pakistan-priceoye-y9qkg-100x100.webp
213, Faywa F555,5.0,1.0,"Rs 3,950","Rs 3,099",https://images.priceoye.pk/faywa-f555-pakistan-priceoye-khnjj-100x100.webp
214, Nothing CMF Phone 1,4.8,12.0,"Rs 84,900","Rs 66,399",https://images.priceoye.pk/nothing-cmf-phone-1-pakistan-priceoye-6mo6r-100x100.webp
215, Nothing Phone (2a),5.0,2.0,"Rs 144,900","Rs 109,900",https://images.priceoye.pk/nothing-phone-2a-pakistan-priceoye-dde4e-100x100.webp
216, Hmd 150 Music,4.8,4.0,"Rs 6,299","Rs 6,199",https://images.priceoye.pk/hmd-150-music-pakistan-priceoye-tia03-100x100.webp
217, GFive 4g Pro Max,4.6,9.0,,"Rs 7,999",https://images.priceoye.pk/gfive-4g-pro-max-pakistan-priceoye-3lm8q-100x100.webp
218, Honor X7c,4.9,15.0,"Rs 47,999","Rs 42,999",https://images.priceoye.pk/honor-x7c-pakistan-priceoye-i454n-100x100.webp
219, Sego iPro,4.0,1.0,"Rs 11,999","Rs 9,299",https://images.priceoye.pk/sego-ipro-pakistan-priceoye-6uix5-100x100.webp
220, Sego music 500,,,"Rs 3,650","Rs 3,199",https://images.priceoye.pk/sego-music-500-pakistan-priceoye-41qmo-100x100.webp
221, Sego Power 200s,5.0,1.0,"Rs 2,499","Rs 2,449",https://images.priceoye.pk/sego-power-200s-pakistan-priceoye-xh010-100x100.webp
222, Sego Power 200,,,"Rs 3,200","Rs 2,399",https://images.priceoye.pk/sego-power-200-pakistan-priceoye-dtlvo-100x100.webp
223, Honor X6c,4.9,31.0,"Rs 36,999","Rs 33,999",https://images.priceoye.pk/honor-x6c-pakistan-priceoye-vixo7-100x100.webp
224, Honor X5b Plus,5.0,5.0,"Rs 26,999","Rs 24,799",https://images.priceoye.pk/honor-x5b-plus-pakistan-priceoye-nlkue-100x100.webp
225, Honor X9c,5.0,8.0,"Rs 99,999","Rs 93,999",https://images.priceoye.pk/honor-x9c-pakistan-priceoye-rbn62-100x100.webp
226, QMobile QMagic,,,,"Rs 5,449",https://images.priceoye.pk/qmobile-qmagic-pakistan-priceoye-0ptz7-100x100.webp
227, Tecno Spark 40C,4.9,21.0,"Rs 29,999","Rs 28,049",https://images.priceoye.pk/tecno-spark-40c-pakistan-priceoye-p6a3h-100x100.webp
228, Calme 4G 8210,5.0,2.0,,"Rs 7,799",https://images.priceoye.pk/calme-4g-8210-pakistan-priceoye-47kgo-100x100.webp
229, Sego Note 70,5.0,5.0,"Rs 23,999","Rs 21,199",https://images.priceoye.pk/sego-note-70-pakistan-priceoye-wdt32-100x100.webp
230, Samsung Galaxy A07,4.8,172.0,"Rs 30,500","Rs 25,899",https://images.priceoye.pk/samsung-galaxy-a07-pakistan-priceoye-xv6ut-100x100.webp
231, Club Mobile Music 3000 plus,5.0,1.0,"Rs 2,999","Rs 2,249",https://images.priceoye.pk/club-mobile-music-3000-plus-pakistan-priceoye-puvkd-100x100.webp
232, Itel Super S26 Ultra,4.7,6.0,"Rs 49,999","Rs 43,499",https://images.priceoye.pk/itel-super-s26-ultra-pakistan-priceoye-iptw0-100x100.webp
233, Apple Iphone 17 Pro,,,"Rs 520,500","Rs 499,999",https://images.priceoye.pk/apple-iphone-17-pro-pakistan-priceoye-itezs-100x100.webp
234, Samsung Galaxy S25 FE,4.9,29.0,"Rs 219,999","Rs 181,499",https://images.priceoye.pk/samsung-galaxy-s25-fe-pakistan-priceoye-lqta4-100x100.webp
235, VGO TEL Smart 13,4.8,14.0,"Rs 22,250","Rs 21,799",https://images.priceoye.pk/vgo-tel-smart-13-pakistan-priceoye-mkjnv-100x100.webp
236, Honor Play 10,4.9,9.0,"Rs 20,999","Rs 19,699",https://images.priceoye.pk/honor-play-10-pakistan-priceoye-u3ndf-100x100.webp
237, QMobile Boom 400,,,"Rs 2,849","Rs 2,799",https://images.priceoye.pk/qmobile-boom-400-pakistan-priceoye-fkhf9-100x100.webp
238, SEGO Shark,,,"Rs 28,999","Rs 22,999",https://images.priceoye.pk/sego-shark-pakistan-priceoye-p70jx-100x100.webp
239, Vivo Y21d,5.0,3.0,"Rs 49,999","Rs 44,999",https://images.priceoye.pk/vivo-y21d-pakistan-priceoye-6a6vp-100x100.webp
240, ZTE Nubia A56,5.0,5.0,"Rs 25,999","Rs 23,299",https://images.priceoye.pk/zte-nubia-a56-pakistan-priceoye-h19xp-100x100.webp
241, Faywa Eagle 3,,,,"Rs 3,029",https://images.priceoye.pk/faywa-eagle-3-pakistan-priceoye-2tvyn-100x100.webp
242, Gfive 16 Pro 2G,,,"Rs 3,999","Rs 3,199",https://images.priceoye.pk/gfive-16-pro-2g-pakistan-priceoye-nqfks-100x100.webp
243, Villaon V120,,,,"Rs 2,600",https://images.priceoye.pk/villaon-v120-pakistan-priceoye-t7fda-100x100.webp
244, Faywa Prime 1 Plus,,,"Rs 2,999","Rs 2,349",https://images.priceoye.pk/faywa-prime-1-plus-pakistan-priceoye-dihlg-100x100.webp
245, Faywa J5 Lite,,,"Rs 3,399","Rs 2,799",https://images.priceoye.pk/faywa-j5-lite-pakistan-priceoye-123e0-100x100.webp
246, GFive G7000,,,"Rs 2,999","Rs 2,900",https://images.priceoye.pk/g-five-g7000-pakistan-priceoye-lpdo1-100x100.webp
247, Vgo tel iMusic Ultra,,,"Rs 3,999","Rs 3,899",https://images.priceoye.pk/vgo-tel-imusic-ultra-pakistan-priceoye-3klxx-100x100.webp
248, Faywa Mobile J5 Classic,,,"Rs 3,399","Rs 3,149",https://images.priceoye.pk/faywa-mobile-j5-classic-pakistan-priceoye-gvnya-100x100.webp
249, Digit 4g Z1,5.0,1.0,"Rs 7,999","Rs 7,399",https://images.priceoye.pk/digit-4g-z1-pakistan-priceoye-bmbxk-100x100.webp
250, MeMobile Power 200,,,"Rs 2,999","Rs 2,299",https://images.priceoye.pk/memobile-power-200-pakistan-priceoye-3t5oq-100x100.webp
251, Memobile Power 300,,,,"Rs 2,299",https://images.priceoye.pk/memobile-power-300-pakistan-priceoye-45haj-100x100.webp
252, XMobile X2 Play,5.0,1.0,"Rs 2,449","Rs 2,199",https://images.priceoye.pk/xmobile-x2-play-pakistan-priceoye-02g48-100x100.webp
253, VGO TEL i710,5.0,1.0,,"Rs 4,299",https://images.priceoye.pk/vgo-tel-i710-pakistan-priceoye-odafi-100x100.webp
254, Calme C251,5.0,1.0,,"Rs 2,949",https://images.priceoye.pk/calme-c251-pakistan-priceoye-vek5b-100x100.webp
255, Xiaomi Redmi Note 12,4.9,711.0,"Rs 48,999","Rs 40,999",https://images.priceoye.pk/xiaomi-redmi-note-12-pakistan-priceoye-0izxw-100x100.webp
256, Xmobile X6,,,,"Rs 3,099",https://images.priceoye.pk/xmobile-x6-pakistan-priceoye-s1uup-100x100.webp
257, XMOBILE X1 PLAY,,,,"Rs 2,499",https://images.priceoye.pk/xmobile-x1-play-pakistan-priceoye-94k1d-100x100.webp
258, Calme Spark,5.0,2.0,,"Rs 2,799",https://images.priceoye.pk/calme-spark-1-pakistan-priceoye-9bjin-100x100.webp
259, Xmobile X101 Plus,,,,"Rs 2,749",https://images.priceoye.pk/xmobile-x101-plus-pakistan-priceoye-qlz82-100x100.webp
260, E-Tachi iPro Max,5.0,3.0,"Rs 4,899","Rs 3,999",https://images.priceoye.pk/e-tachi-ipro-max-pakistan-priceoye-syun0-100x100.webp
261, Gfive Pro Max,4.9,7.0,"Rs 3,949","Rs 3,049",https://images.priceoye.pk/gfive-pro-max-pakistan-priceoye-wxygf-100x100.webp
262, itel Power 700,5.0,2.0,"Rs 3,999","Rs 3,249",https://images.priceoye.pk/itel-power-700-pakistan-priceoye-pl7c9-100x100.webp
263, Apple iPhone 13,4.9,27.0,"Rs 179,999","Rs 168,499",https://images.priceoye.pk/apple-iphone-13-pakistan-priceoye-whjtp-100x100.webp
264, Itel Power 700 2024,4.9,9.0,"Rs 4,499","Rs 3,699",https://images.priceoye.pk/itel-power-700-2024-pakistan-priceoye-swmu4-100x100.webp
265, Vivo V50,4.7,6.0,"Rs 149,999","Rs 129,999",https://images.priceoye.pk/vivo-v50-pakistan-priceoye-tdxh9-100x100.webp
266, MeMobile Magic Pro,,,"Rs 2,350","Rs 2,249",https://images.priceoye.pk/memobile-magic-pro-pakistan-priceoye-6poyv-100x100.webp
267, VGO TEL BEAUTY PRO,,,,"Rs 3,899",https://images.priceoye.pk/vgo-tel-beauty-pro-pakistan-priceoye-tw6pm-100x100.webp
268, Hello Tech M4,,,"Rs 3,249","Rs 3,099",https://images.priceoye.pk/hello-tech-m4-pakistan-priceoye-kdxbb-100x100.webp
269, Club Mobile Power 999,,,"Rs 3,199","Rs 3,099",https://images.priceoye.pk/club-mobile-power-999-pakistan-priceoye-6cs6o-100x100.webp
270, Club Mobile PacMan,,,"Rs 3,349","Rs 3,249",https://images.priceoye.pk/club-mobile-pacman-pakistan-priceoye-l3jhq-100x100.webp
271, Itel Neo R60+ 4G,4.6,6.0,"Rs 6,399","Rs 4,999",https://images.priceoye.pk/itel-neo-r60-plus-pakistan-priceoye-gqr8j-100x100.webp
272, Gresso Turbo 2,,,,"Rs 2,399",https://images.priceoye.pk/gresso-turbo-2-pakistan-priceoye-d0hig-100x100.webp
273, Sego Value 101s,5.0,5.0,"Rs 2,200","Rs 1,999",https://images.priceoye.pk/value-101s-pakistan-priceoye-ypqg7-100x100.webp
274, Realme 14T 5G,5.0,4.0,"Rs 79,999","Rs 67,999",https://images.priceoye.pk/realme-14t-5g-pakistan-priceoye-91tlc-100x100.webp
275, Oppo A5x,4.9,10.0,"Rs 31,999","Rs 29,999",https://images.priceoye.pk/oppo-pakistan-priceoye-d7itg-100x100.webp
276, Tecno Spark 40 Pro Plus,4.8,24.0,"Rs 61,999","Rs 57,599",https://images.priceoye.pk/tecno-spark-40-pro-plus-pakistan-priceoye-6g94m-100x100.webp
277, Vivo X Fold 5,,,"Rs 569,999","Rs 459,999",https://images.priceoye.pk/vivo-x-fold-5-pakistan-priceoye-7iabd-100x100.webp
278, HMD 105 Pure,4.7,9.0,,"Rs 2,999",https://images.priceoye.pk/hmd-105-pure-pakistan-priceoye-rnspb-100x100.webp
279, Itel Power 130,,,"Rs 3,299","Rs 3,099",https://images.priceoye.pk/itel-power-130-pakistan-priceoye-3tyx0-100x100.webp
280, Dcode Cygnal X,5.0,1.0,"Rs 22,999","Rs 19,999",https://images.priceoye.pk/dcode-cygnal-x-pakistan-priceoye-q01eu-100x100.webp
281, Faywa F333,,,,"Rs 2,439",https://images.priceoye.pk/faywa-f333-pakistan-priceoye-ly2fh-100x100.webp
282, Faywa Sound Master,,,,"Rs 2,799",https://images.priceoye.pk/faywa-sound-master-pakistan-priceoye-uf7dc-100x100.webp
283, ZTE Blade A35e,4.7,6.0,"Rs 18,999","Rs 17,499",https://images.priceoye.pk/zte-blade-a35e-pakistan-priceoye-gscxc-100x100.webp
284, QMobile E4 2025,,,,"Rs 3,003",https://images.priceoye.pk/qmobile-e4-2025-pakistan-priceoye-24xcs-100x100.webp
285, Nothing Phone 3a Lite,,,"Rs 109,900","Rs 98,699",https://images.priceoye.pk/nothing-phone-3a-lite-pakistan-priceoye-xttbf-100x100.webp
286, Gfive Stone,,,"Rs 2,999","Rs 2,420",https://images.priceoye.pk/gfive-stone-pakistan-priceoye-ctken-100x100.webp
287, Gfive Magic Smart,,,"Rs 2,999","Rs 2,885",https://images.priceoye.pk/gfive-magic-smart-pakistan-priceoye-b7smd-100x100.webp
288, Gfive Magic Smart,,,"Rs 2,999","Rs 2,885",https://images.priceoye.pk/gfive-magic-smart-pakistan-priceoye-b7smd-100x100.webp
289, Gfive G95,,,"Rs 3,999","Rs 3,349",https://images.priceoye.pk/gfive-g95-pakistan-priceoye-y1itf-100x100.webp
290, GFive Glory,,,"Rs 2,999","Rs 2,885",https://images.priceoye.pk/gfive-glory-pakistan-priceoye-883z5-100x100.webp
291, Vgo tel i555,,,"Rs 3,999","Rs 3,899",https://images.priceoye.pk/vgo-tel-i555-pakistan-priceoye-jyalj-100x100.webp
292, Club Mobile Power 666,,,"Rs 3,999","Rs 3,049",https://images.priceoye.pk/clubmobile-power-666-pakistan-priceoye-e25si-100x100.webp
293, Qmobile Q Super,,,"Rs 2,999","Rs 2,599",https://images.priceoye.pk/qmobile-q-super-pakistan-priceoye-a5hey-100x100.webp
294, Me Mobile E800 pro,,,"Rs 2,999","Rs 2,749",https://images.priceoye.pk/me-mobile-e800-pro-pakistan-priceoye-c6cv3-100x100.webp
295, Spice S10 power,,,"Rs 2,399","Rs 2,350",https://images.priceoye.pk/spice-s10-power-pakistan-priceoye-zp1i8-100x100.webp
296, Dcode Cygnal Evo,,,"Rs 25,999","Rs 22,499",https://images.priceoye.pk/dcode-cygnal-evo-pakistan-priceoye-ugp2x-100x100.webp
297, Oppo A6X,5.0,4.0,"Rs 30,999","Rs 29,499",https://images.priceoye.pk/oppo-a6x-pakistan-priceoye-qpnh8-100x100.webp
298, Sparx Neo 15,,,"Rs 20,000","Rs 18,799",https://images.priceoye.pk/sparx-neo-15-pakistan-priceoye-2s97u-100x100.webp
299, Realme C85,5.0,1.0,"Rs 54,999","Rs 47,999",https://images.priceoye.pk/realme-c85-pakistan-priceoye-ic90k-100x100.webp
300, Oppo Reno 15 Pro,,,,"Rs 229,999",https://images.priceoye.pk/oppo-reno-15-pro-pakistan-priceoye-e6twl-100x100.webp
301, Digit Bolt,,,,"Rs 2,379",https://images.priceoye.pk/digit-bolt-pakistan-priceoye-7cz33-100x100.webp
302, Digit Redone,,,,"Rs 7,949",https://images.priceoye.pk/digit-redone-pakistan-priceoye-ixv2r-100x100.webp
303, Calme M221,5.0,3.0,"Rs 3,249","Rs 2,699",https://images.priceoye.pk/calme-m221-pakistan-priceoye-8ikpu-100x100.webp
304, Apple iPhone 15,4.8,3.0,"Rs 284,000","Rs 267,999",https://images.priceoye.pk/apple-iphone-15-pakistan-priceoye-l41de-100x100.webp
305, FAYWA Prime 1,4.0,1.0,"Rs 2,499","Rs 2,349",https://images.priceoye.pk/faywa-prime-1-pakistan-priceoye-l3z0b-100x100.webp
306, Samsung Galaxy S24,5.0,14.0,"Rs 289,999","Rs 209,999",https://images.priceoye.pk/samsung-galaxy-s24-pakistan-priceoye-i1kpk-100x100.webp
307, XMobile Xstudio pro,,,"Rs 3,999","Rs 3,379",https://images.priceoye.pk/xmobile-xstudio-pro-pakistan-priceoye-vd4i3-100x100.webp
308, Samsung Galaxy A25,4.8,58.0,"Rs 98,500","Rs 59,999",https://images.priceoye.pk/samsung-galaxy-a25-pakistan-priceoye-eyans-100x100.webp
309, Qmobile E 2000 Music,5.0,4.0,,"Rs 3,399",https://images.priceoye.pk/qmobile-e-2000-music-pakistan-priceoye-l50ty-100x100.webp
310, VGO TEL i15,5.0,1.0,,"Rs 4,299",https://images.priceoye.pk/vgo-tel-i15-pakistan-priceoye-fnaw4-100x100.webp
311, GFive Music 200,4.6,12.0,,"Rs 2,499",https://images.priceoye.pk/gfive-music-200-pakistan-priceoye-zem4g-100x100.webp
312, Samsung Galaxy S24 Ultra (12GB-1TB),5.0,4.0,"Rs 541,999","Rs 335,999",https://images.priceoye.pk/samsung-galaxy-s24-ultra-12gb-1tb-pakistan-priceoye-em5wi-100x100.webp
313, Samsung Galaxy A35 5G,4.8,57.0,"Rs 119,999","Rs 82,299",https://images.priceoye.pk/samsung-galaxy-a35-5g-pakistan-priceoye-u69sg-100x100.webp
314, Samsung Galaxy A55 5G,4.8,120.0,"Rs 139,999","Rs 91,999",https://images.priceoye.pk/samsung-galaxy-a55-5g-pakistan-priceoye-d66z3-100x100.webp
315, Calme 4G Smart,4.8,8.0,"Rs 9,999","Rs 8,949",https://images.priceoye.pk/calme-4g-smart-pakistan-priceoye-0vil7-100x100.webp
316, Faywa NEX1 4G,4.8,4.0,"Rs 7,799","Rs 7,199",https://images.priceoye.pk/faywa-nex1-4g-pakistan-priceoye-7zdxd-100x100.webp
317, FAYWA SMART 1,4.8,4.0,"Rs 4,199","Rs 3,075",https://images.priceoye.pk/faywa-smart-1-pakistan-priceoye-am8ww-100x100.webp
318, Memobile I touch,4.0,1.0,"Rs 3,850","Rs 3,149",https://images.priceoye.pk/memobile-i-touch-pakistan-priceoye-6xkem-100x100.webp
319, Samsung Galaxy S25 Ultra,4.8,36.0,"Rs 459,999","Rs 356,999",https://images.priceoye.pk/samsung-galaxy-s25-ultra-pakistan-priceoye-zmuf1-100x100.webp
320, Calme 4G Super,4.6,7.0,,"Rs 6,799",https://images.priceoye.pk/calme-4g-super-pakistan-priceoye-8rbcl-100x100.webp
321, Hello Tech G8,,,,"Rs 3,050",https://images.priceoye.pk/hello-tech-g8-pakistan-priceoye-htyz0-100x100.webp
322, GFive Soldier,4.7,6.0,"Rs 3,249","Rs 2,699",https://images.priceoye.pk/gfive-soldier-pakistan-priceoye-ittxc-100x100.webp
323, Tecno SPARK 30 Pro,4.8,169.0,"Rs 49,999","Rs 46,999",https://images.priceoye.pk/tecno-spark-30-pro-pakistan-priceoye-ptq0a-100x100.webp
324, itel Power 700,5.0,2.0,"Rs 3,999","Rs 3,249",https://images.priceoye.pk/itel-power-700-pakistan-priceoye-pl7c9-100x100.webp
325, me Mobile Power Bold,,,"Rs 2,999","Rs 2,299",https://images.priceoye.pk/me-mobile-power-bold-pakistan-priceoye-ifv3v-100x100.webp
326, GRESSO Jugnu,4.5,2.0,"Rs 2,799","Rs 2,699",https://images.priceoye.pk/gresso-jugnu-pakistan-priceoye-x2rl8-100x100.webp
327, REMAXX R110,4.8,4.0,"Rs 2,350","Rs 2,299",https://images.priceoye.pk/remaxx-r110-pakistan-priceoye-nzv11-100x100.webp
328, XMobile Dabang Plus,,,"Rs 3,849","Rs 3,099",https://images.priceoye.pk/xmobile-dabang-plus-pakistan-priceoye-mmznu-100x100.webp
329, Spice S5,,,"Rs 2,999","Rs 2,399",https://images.priceoye.pk/spice-s5-pakistan-priceoye-vnng4-100x100.webp
330, Faywa E1000 Music,,,,"Rs 3,600",https://images.priceoye.pk/faywae1000-music-pakistan-priceoye-dd9hu-100x100.webp
331, Nokia 110 2023,4.3,7.0,"Rs 6,899","Rs 4,989",https://images.priceoye.pk/nokia-110-2023-pakistan-priceoye-credt-100x100.webp
332, Faywa F4,,,"Rs 2,985","Rs 2,899",https://images.priceoye.pk/faywa-f4-pakistan-priceoye-gb0db-100x100.webp
333, Nokia 5710,5.0,5.0,"Rs 19,999","Rs 14,249",https://images.priceoye.pk/nokia-5710-pakistan-priceoye-vueay-100x100.webp
334, Xmobile X2 Plus,,,,"Rs 2,549",https://images.priceoye.pk/xmobile-x2-plus-pakistan-priceoye-werqe-100x100.webp
335, MeMobile M106,5.0,1.0,"Rs 2,799","Rs 2,749",https://images.priceoye.pk/me-mobile-m106-pakistan-priceoye-9cp29-100x100.webp
336, Itel Muzik 430,5.0,27.0,"Rs 3,799","Rs 3,749",https://images.priceoye.pk/itel-muzik-430-pakistan-priceoye-ngbwq-100x100.webp
337, Apple iPhone 13,4.9,27.0,"Rs 179,999","Rs 168,499",https://images.priceoye.pk/apple-iphone-13-pakistan-priceoye-whjtp-100x100.webp
338, Qmobile Q Galaxy,,,,"Rs 5,397",https://images.priceoye.pk/qmobile-q-galaxy-pakistan-priceoye-g2z2l-100x100.webp
339, VGO TEL New 25,4.9,7.0,"Rs 26,500","Rs 23,499",https://images.priceoye.pk/vgo-tel-new-25-pakistan-priceoye-j83nf-100x100.webp
340, Sego Smart 9 HD,4.5,6.0,"Rs 18,999","Rs 15,499",https://images.priceoye.pk/smart-9-hd-pakistan-priceoye-c6mux-100x100.webp
341, Sego Zero 50,5.0,3.0,"Rs 45,999","Rs 43,279",https://images.priceoye.pk/sego-zero-50-pakistan-priceoye-19d5c-100x100.webp
342, Memobile I Smart Ultra,,,"Rs 3,449","Rs 3,249",https://images.priceoye.pk/memobile-i-smart-ultra-pakistan-priceoye-jviz2-100x100.webp
343, SEGO Super 4G ultra,,,"Rs 7,199","Rs 5,349",https://images.priceoye.pk/sego-super-4g-pakistan-priceoye-bk0q8-100x100.webp
344, Infinix Note 50,4.9,35.0,"Rs 68,999","Rs 64,349",https://images.priceoye.pk/infinix-note-50-pakistan-priceoye-83r5t-100x100.webp
345, Infinix Note 50 Pro,4.7,15.0,"Rs 83,999","Rs 78,999",https://images.priceoye.pk/infinix-note-50-pro-pakistan-priceoye-zdet1-100x100.webp
346, Samsung Galaxy A26 5G,4.9,42.0,"Rs 89,999","Rs 71,299",https://images.priceoye.pk/samsung-galaxy-a26-5g-pakistan-priceoye-hsgth-100x100.webp
347, Realme C75x,4.9,13.0,"Rs 41,999","Rs 37,999",https://images.priceoye.pk/realme-c75x-pakistan-priceoye-by6ie-100x100.webp
348, Apple iPhone 16e,5.0,1.0,"Rs 291,500","Rs 254,999",https://images.priceoye.pk/apple-iphone-16e-pakistan-priceoye-o9a57-100x100.webp
349, Itel City 100,4.6,9.0,"Rs 28,999","Rs 26,299",https://images.priceoye.pk/itel-city-100-pakistan-priceoye-h3z0p-100x100.webp
350, itel it2165 eco,4.6,14.0,,"Rs 2,049",https://images.priceoye.pk/itel-it2165-eco-pakistan-priceoye-ydg57-100x100.webp
351, Tecno spark 40,4.8,46.0,"Rs 37,999","Rs 35,699",https://images.priceoye.pk/tecno-spark-40-pakistan-priceoye-t2m4m-100x100.webp
352, Oppo A5i,4.8,15.0,"Rs 29,999","Rs 27,999",https://images.priceoye.pk/oppo-a5i-pakistan-priceoye-yiiop-100x100.webp
353, Infinix Smart 10 Plus,5.0,4.0,"Rs 29,999","Rs 28,399",https://images.priceoye.pk/infinix-smart-10-plus-pakistan-priceoye-6xky8-100x100.webp
354, Tecno Spark 40 pro,4.9,35.0,"Rs 52,999","Rs 48,799",https://images.priceoye.pk/tecno-spark-40-pro-pakistan-priceoye-p9z26-100x100.webp
355, Infinix Hot 60i,4.9,31.0,"Rs 37,999","Rs 35,799",https://images.priceoye.pk/infinix-hot-60i-pakistan-priceoye-1r9tw-100x100.webp
356, HMD Arc,,,"Rs 19,999","Rs 18,999",https://images.priceoye.pk/hmd-arc-pakistan-priceoye-29f1a-100x100.webp
357, VGO Tel New 16 Pro,,,"Rs 21,250","Rs 19,999",https://images.priceoye.pk/vgo-tel-new-16-pro-pakistan-priceoye-4iueg-100x100.webp
358, Realme Note 70,4.9,17.0,"Rs 31,999","Rs 31,499",https://images.priceoye.pk/realme-note-70-pakistan-priceoye-wlv8j-100x100.webp
359, Vivo Y400,4.8,6.0,"Rs 69,999","Rs 62,499",https://images.priceoye.pk/vivo-y400-pakistan-priceoye-hdo0x-100x100.webp
360, Calme C150i,,,"Rs 3,999","Rs 3,150",https://images.priceoye.pk/calme-c150i-pakistan-priceoye-f6ltr-100x100.webp
361, Club Mobile Grace,,,"Rs 3,999","Rs 3,149",https://images.priceoye.pk/club-mobile-grace-pakistan-priceoye-841vm-100x100.webp
362, Memobile Power Ultra,,,"Rs 2,999","Rs 2,449",https://images.priceoye.pk/memobile-power-ultra-pakistan-priceoye-c1pd8-100x100.webp
363, Sego Value 200S,5.0,1.0,"Rs 2,699","Rs 2,449",https://images.priceoye.pk/sego-value-200s-pakistan-priceoye-vmg83-100x100.webp
364, ZTE Nubia V60 Design (8GB-256GB),5.0,2.0,"Rs 32,999","Rs 28,999",https://images.priceoye.pk/zte-nubia-v60-design-8gb-25gb-pakistan-priceoye-try8f-100x100.webp
365, Vivo X300 Pro,5.0,1.0,"Rs 349,999","Rs 318,999",https://images.priceoye.pk/vivo-x300-pro-pakistan-priceoye-d3vka-100x100.webp
366, Sego Epic,,,"Rs 29,999","Rs 26,999",https://images.priceoye.pk/sego-epic-pakistan-priceoye-5s913-100x100.webp
367, Sego Smart 10 Limited Edition,,,"Rs 21,499","Rs 20,799",https://images.priceoye.pk/sego-smart-10-limited-edition-pakistan-priceoye-174z9-100x100.webp
368, Digit D1,,,,"Rs 2,999",https://images.priceoye.pk/digit-d1-pakistan-priceoye-bwafo-100x100.webp
369, Faywa F7,5.0,1.0,"Rs 2,399","Rs 2,199",https://images.priceoye.pk/faywa-f7-pakistan-priceoye-yd38s-100x100.webp
370, Calme 4g Star,4.9,12.0,"Rs 8,000","Rs 7,299",https://images.priceoye.pk/calme-4g-star-pakistan-priceoye-yso7f-100x100.webp
371, Qmobile Q150,4.8,2.0,,"Rs 2,699",https://images.priceoye.pk/qmobile-q150-pakistan-priceoye-odffh-100x100.webp
372, Itel it2166,4.9,42.0,"Rs 2,699","Rs 2,649",https://images.priceoye.pk/itel-it2166-pakistan-priceoye-j7ttn-100x100.webp
373, XSmart Nova 5,,,,"Rs 18,099",https://images.priceoye.pk/xsmart-nova-5-pakistan-priceoye-17sep-100x100.webp
374, CALME 4G Power,5.0,3.0,"Rs 9,800","Rs 9,049",https://images.priceoye.pk/calme-4g-power-pakistan-priceoye-ks0zu-100x100.webp
375, Xiaomi Redmi Note 13 Pro Plus,4.8,51.0,"Rs 146,999","Rs 126,499",https://images.priceoye.pk/redmi-note-13-pro-plus-pakistan-priceoye-t01nw-100x100.webp
376, VGO TEL i510,5.0,1.0,"Rs 3,700","Rs 3,499",https://images.priceoye.pk/vgo-tel-i510-pakistan-priceoye-hyfgf-100x100.webp
377, GFive ultra smart,5.0,5.0,,"Rs 3,050",https://images.priceoye.pk/gfive-ultra-smart-pakistan-priceoye-hvmqp-100x100.webp
378, Gresso SILK SLIM,,,"Rs 3,999","Rs 2,799",https://images.priceoye.pk/gresso-silk-slim-pakistan-priceoye-47b19-100x100.webp
379, Qmobile QSpark,,,,"Rs 2,699",https://images.priceoye.pk/qmobile-qspark-pakistan-priceoye-iwf1e-100x100.webp
380, Memobile iPower pro,5.0,1.0,,"Rs 2,749",https://images.priceoye.pk/memobile-ipower-pro-pakistan-priceoye-hzb0v-100x100.webp
381, Villaon V210,,,,"Rs 2,549",https://images.priceoye.pk/villaon-v210-pakistan-priceoye-06lax-100x100.webp
382, Calme C251 Lite,,,,"Rs 2,799",https://images.priceoye.pk/calme-c251-lite-pakistan-priceoye-l9v3b-100x100.webp
383, ZTE Blade A55,4.8,59.0,"Rs 20,999","Rs 19,999",https://images.priceoye.pk/zte-blade-a55-pakistan-priceoye-g4jyq-100x100.webp
384, ZTE Nubia V60 Design,4.7,118.0,,"Rs 28,499",https://images.priceoye.pk/zte-nubia-v60-design-pakistan-priceoye-32w0n-100x100.webp
385, Vivo Y29,4.7,21.0,"Rs 60,999","Rs 54,299",https://images.priceoye.pk/vivo-y29-pakistan-priceoye-vf4j1-100x100.webp
386, Infinix Zero 40 4G,4.8,82.0,"Rs 62,999","Rs 57,999",https://images.priceoye.pk/infinix-zero-40-4g-pakistan-priceoye-ohf4m-100x100.webp
387, Memobile iSmart Gold,,,"Rs 3,699","Rs 3,349",https://images.priceoye.pk/memobile-ismart-gold-pakistan-priceoye-z7hz9-100x100.webp
388, Memobile Platinum,,,"Rs 3,999","Rs 3,749",https://images.priceoye.pk/memobile-platinum-pakistan-priceoye-ngg5y-100x100.webp
389, Calme 4G Music,4.6,6.0,,"Rs 6,499",https://images.priceoye.pk/calme-4g-music-pakistan-priceoye-38hlq-100x100.webp
390, Calme 4g Premium,4.8,26.0,,"Rs 10,500",https://images.priceoye.pk/calme-4g-premium-pakistan-priceoye-eq25e-100x100.webp
391, Samsung Galaxy S25,5.0,7.0,"Rs 334,999","Rs 262,500",https://images.priceoye.pk/samsung-galaxy-s25-pakistan-priceoye-8jmcb-100x100.webp
392, Samsung Galaxy S24 FE,5.0,23.0,"Rs 219,999","Rs 166,999",https://images.priceoye.pk/samsung-galaxy-s24-fe-pakistan-priceoye-b2v7u-100x100.webp
393, Apple iPhone 16 Pro Max,4.9,14.0,"Rs 559,500","Rs 534,999",https://images.priceoye.pk/apple-iphone-16-pro-max-pakistan-priceoye-v0q3c-100x100.webp
394, Hello Tech E500,,,,"Rs 2,599",https://images.priceoye.pk/hello-tech-e500-pakistan-priceoye-9u1sl-100x100.webp
395, Hello Tech G2 Lite,,,,"Rs 2,499",https://images.priceoye.pk/hello-tech-g2-lite-pakistan-priceoye-ecf15-100x100.webp
396, Samsung Galaxy S24 FE,5.0,23.0,"Rs 219,999","Rs 166,999",https://images.priceoye.pk/samsung-galaxy-s24-fe-pakistan-priceoye-b2v7u-100x100.webp
397, Apple iPhone 16 Pro Max,4.9,14.0,"Rs 559,500","Rs 534,999",https://images.priceoye.pk/apple-iphone-16-pro-max-pakistan-priceoye-v0q3c-100x100.webp
398, Hello Tech E500,,,,"Rs 2,599",https://images.priceoye.pk/hello-tech-e500-pakistan-priceoye-9u1sl-100x100.webp
399, Hello Tech G2 Lite,,,,"Rs 2,499",https://images.priceoye.pk/hello-tech-g2-lite-pakistan-priceoye-ecf15-100x100.webp
400, Faywa Smart 3,5.0,5.0,"Rs 5,000","Rs 3,099",https://images.priceoye.pk/faywa-smart-3-pakistan-priceoye-wvojp-100x100.webp
401, GFive 16 Pro Max,4.9,8.0,"Rs 5,999","Rs 3,549",https://images.priceoye.pk/gfive-16-pro-max-pakistan-priceoye-3eusg-100x100.webp
402, Faywa Pro 1 4g,4.0,1.0,"Rs 7,600","Rs 7,199",https://images.priceoye.pk/faywa-pro-1-4g-pakistan-priceoye-7snlf-100x100.webp
403, GRESSO 4sim,4.0,1.0,"Rs 3,500","Rs 2,949",https://images.priceoye.pk/gresso-4sim-pakistan-priceoye-n0u5j-100x100.webp
404, Apple iPhone 14,4.8,21.0,"Rs 199,999","Rs 185,499",https://images.priceoye.pk/apple-iphone-14-pakistan-priceoye-3j7db-100x100.webp
405, E-Tachi B12,5.0,5.0,"Rs 2,599","Rs 2,349",https://images.priceoye.pk/e-tachi-b12-pakistan-priceoye-aq6e6-100x100.webp
406, XMobile X3,5.0,2.0,"Rs 2,899","Rs 2,649",https://images.priceoye.pk/xmobile-x3-pakistan-priceoye-blhie-100x100.webp
407, Samsung Galaxy S23 Ultra,4.6,15.0,"Rs 382,999","Rs 269,999",https://images.priceoye.pk/samsung-galaxy-s23-ultra-pakistan-priceoye-7uysk-100x100.webp
408, Xiaomi 14,4.1,7.0,"Rs 339,999","Rs 302,999",https://images.priceoye.pk/xiaomi-14-pakistan-priceoye-0fxdp-100x100.webp
409, Xmobile Dabang Pro,,,"Rs 2,999","Rs 2,899",https://images.priceoye.pk/xmobile-dabang-pro-pakistan-priceoye-o460u-100x100.webp
410, Xmobile G3 Plus,,,"Rs 3,399","Rs 3,299",https://images.priceoye.pk/xmobile-g3-plus-pakistan-priceoye-561tj-100x100.webp
411, VGO TEL i888,5.0,3.0,,"Rs 4,699",https://images.priceoye.pk/vgo-tel-i888-pakistan-priceoye-xvols-100x100.webp
412, VGO TEL i252,4.5,2.0,"Rs 3,999","Rs 3,499",https://images.priceoye.pk/vgo-tel-i252-pakistan-priceoye-q22vl-100x100.webp
413, Qmobile E1000 Party 2021,,,,"Rs 3,749",https://images.priceoye.pk/qmobile-e1000-party-2021-pakistan-priceoye-jlrj6-100x100.webp
414, Samsung Galaxy A73,4.9,127.0,"Rs 170,500","Rs 91,999",https://static.priceoye.pk/images/out-of-stock.svg
415, Jazz Digit Music 4G,5.0,1.0,"Rs 8,999","Rs 7,499",https://static.priceoye.pk/images/out-of-stock.svg
416, Realme 13+ 5G,4.9,62.0,"Rs 89,999","Rs 75,999",https://static.priceoye.pk/images/out-of-stock.svg
417, Faywa F21,4.8,5.0,"Rs 3,000","Rs 2,099",https://static.priceoye.pk/images/out-of-stock.svg
418, Spice iPro,,,,"Rs 2,399",https://static.priceoye.pk/images/out-of-stock.svg
419, SEGO Smart 9,5.0,1.0,,"Rs 17,999",https://static.priceoye.pk/images/out-of-stock.svg
420, Philips Fun 101,5.0,4.0,,"Rs 3,759",https://static.priceoye.pk/images/out-of-stock.svg
421, Apple Iphone 17,5.0,2.0,"Rs 399,000","Rs 381,999",https://static.priceoye.pk/images/out-of-stock.svg
422, VGO TEL Smart 12,5.0,5.0,"Rs 19,999","Rs 18,449",https://static.priceoye.pk/images/out-of-stock.svg
423, Xiaomi 15T Pro,5.0,7.0,"Rs 239,999","Rs 225,999",https://static.priceoye.pk/images/out-of-stock.svg
424, Xiaomi Poco C85,5.0,3.0,"Rs 47,999","Rs 40,299",https://static.priceoye.pk/images/out-of-stock.svg
425, Calme Music Master,,,"Rs 3,999","Rs 3,299",https://static.priceoye.pk/images/out-of-stock.svg
426, XSmart Nova 7,4.8,4.0,"Rs 20,499","Rs 15,999",https://static.priceoye.pk/images/out-of-stock.svg
427, Digit 4G Energy Max,4.9,39.0,,"Rs 7,449",https://static.priceoye.pk/images/out-of-stock.svg
428, XSmart Mate 10,4.4,6.0,"Rs 24,999","Rs 20,999",https://static.priceoye.pk/images/out-of-stock.svg
429, Poco X6 Pro 5G,4.9,49.0,"Rs 129,999","Rs 122,099",https://static.priceoye.pk/images/out-of-stock.svg
430, OUKITEL C32,,,"Rs 26,499","Rs 25,899",https://static.priceoye.pk/images/out-of-stock.svg
431, Sparx Ultra 11,4.4,7.0,"Rs 29,499","Rs 21,799",https://static.priceoye.pk/images/out-of-stock.svg
432, Realme 12+ 5G,4.9,36.0,"Rs 79,999","Rs 66,499",https://static.priceoye.pk/images/out-of-stock.svg
433, Calme Ultra Slim,3.0,2.0,"Rs 2,700","Rs 2,449",https://static.priceoye.pk/images/out-of-stock.svg
434, E-tachi E9 Metal,,,"Rs 3,500","Rs 3,299",https://static.priceoye.pk/images/out-of-stock.svg
435, Calme C12,,,,"Rs 2,399",https://static.priceoye.pk/images/out-of-stock.svg
436, E-tachi Seven Star,,,"Rs 4,299","Rs 4,199",https://static.priceoye.pk/images/out-of-stock.svg
437, Realme Note 60,4.8,79.0,"Rs 24,999","Rs 21,999",https://static.priceoye.pk/images/out-of-stock.svg
438, Hello Tech G1,5.0,1.0,"Rs 2,450","Rs 2,399",https://static.priceoye.pk/images/out-of-stock.svg
439, Hello Tech S1,,,,"Rs 2,299",https://static.priceoye.pk/images/out-of-stock.svg
440, Club Mobile Rainbow 5000,5.0,1.0,"Rs 3,499","Rs 3,369",https://static.priceoye.pk/images/out-of-stock.svg
441, Club Mobile A1000 plus,,,"Rs 3,299","Rs 3,149",https://static.priceoye.pk/images/out-of-stock.svg
442, E-tachi iPro Fold,5.0,5.0,"Rs 5,099","Rs 4,899",https://static.priceoye.pk/images/out-of-stock.svg
443, Samsung Galaxy A73,4.9,127.0,"Rs 170,500","Rs 91,999",https://static.priceoye.pk/images/out-of-stock.svg
444, Jazz Digit Music 4G,5.0,1.0,"Rs 8,999","Rs 7,499",https://static.priceoye.pk/images/out-of-stock.svg
445, me Mobile L110,,,,"Rs 1,599",https://static.priceoye.pk/images/out-of-stock.svg
446, me Mobile Magic Sound,5.0,1.0,,"Rs 2,699",https://static.priceoye.pk/images/out-of-stock.svg
447, me Mobile Power Star,,,,"Rs 1,675",https://static.priceoye.pk/images/out-of-stock.svg
448, me Mobile Power Max,,,,"Rs 1,775",https://static.priceoye.pk/images/out-of-stock.svg
449, me Mobile DJ Master,5.0,1.0,,"Rs 2,199",https://static.priceoye.pk/images/out-of-stock.svg
450, me Mobile M-1110 Lite,4.8,8.0,,"Rs 2,425",https://static.priceoye.pk/images/out-of-stock.svg
451, me Mobile M6310,4.4,3.0,,"Rs 2,749",https://static.priceoye.pk/images/out-of-stock.svg
452, REMAXX R1280,,,,"Rs 2,349",https://static.priceoye.pk/images/out-of-stock.svg
453, REMAXX Thunder Pro,,,,"Rs 2,649",https://static.priceoye.pk/images/out-of-stock.svg
454, REMAXX Star,5.0,1.0,,"Rs 2,899",https://static.priceoye.pk/images/out-of-stock.svg
455, REMAXX Hero,5.0,1.0,,"Rs 2,450",https://static.priceoye.pk/images/out-of-stock.svg
456, Jazz Digit E3 Pro 4G,4.8,73.0,"Rs 11,399","Rs 10,999",https://static.priceoye.pk/images/out-of-stock.svg
457, E-Tachi Music E1000,,,,"Rs 3,799",https://static.priceoye.pk/images/out-of-stock.svg
458, Club Mobile Muzik 4,4.0,1.0,,"Rs 3,699",https://static.priceoye.pk/images/out-of-stock.svg
459, VNUS SE22,4.3,13.0,"Rs 27,999","Rs 14,999",https://static.priceoye.pk/images/out-of-stock.svg
460, E-Tachi 4 Star,,,,"Rs 4,199",https://static.priceoye.pk/images/out-of-stock.svg
461, E-Tachi E444,,,,"Rs 3,749",https://static.priceoye.pk/images/out-of-stock.svg
462, E-Tachi Mega King,4.5,2.0,"Rs 3,949","Rs 3,349",https://static.priceoye.pk/images/out-of-stock.svg
463, Club Mobile 105A,,,,"Rs 2,599",https://static.priceoye.pk/images/out-of-stock.svg
464, Club Mobile A20,,,,"Rs 3,499",https://static.priceoye.pk/images/out-of-stock.svg
465, Club Mobile A95 Plus,,,,"Rs 3,599",https://static.priceoye.pk/images/out-of-stock.svg
466, Calme CL251,,,"Rs 3,399","Rs 2,999",https://static.priceoye.pk/images/out-of-stock.svg
467, Realme C75,4.9,25.0,"Rs 46,999","Rs 38,499",https://static.priceoye.pk/images/out-of-stock.svg
468, Hello Tech S1,,,,"Rs 2,299",https://static.priceoye.pk/images/out-of-stock.svg
469, Club Mobile Rainbow 5000,5.0,1.0,"Rs 3,499","Rs 3,369",https://static.priceoye.pk/images/out-of-stock.svg
470, Club Mobile A1000 plus,,,"Rs 3,299","Rs 3,149",https://static.priceoye.pk/images/out-of-stock.svg
471, E-tachi iPro Fold,5.0,5.0,"Rs 5,099","Rs 4,899",https://static.priceoye.pk/images/out-of-stock.svg
472, VGO TEL I550,5.0,1.0,"Rs 3,599","Rs 3,499",https://static.priceoye.pk/images/out-of-stock.svg
473, Calme M16,,,"Rs 2,399","Rs 2,299",https://static.priceoye.pk/images/out-of-stock.svg
474, me Mobile L100,,,,"Rs 1,450",https://static.priceoye.pk/images/out-of-stock.svg
475, me Mobile I251,5.0,3.0,"Rs 2,799","Rs 2,649",https://static.priceoye.pk/images/out-of-stock.svg
476, me Mobile M-1110,5.0,1.0,,"Rs 2,299",https://static.priceoye.pk/images/out-of-stock.svg
477, Jazz Digit E2 Pro 4G,4.8,143.0,"Rs 9,499","Rs 5,199",https://static.priceoye.pk/images/out-of-stock.svg
478, Club Mobile Ali Baba,,,,"Rs 2,699",https://static.priceoye.pk/images/out-of-stock.svg
479, me Mobile L788,5.0,1.0,,"Rs 2,599",https://static.priceoye.pk/images/out-of-stock.svg
480, Gionee Q23,,,,"Rs 3,299",https://static.priceoye.pk/images/out-of-stock.svg
481, Calme Music 600,5.0,2.0,,"Rs 2,899",https://static.priceoye.pk/images/out-of-stock.svg
482, E-Tachi B222 lite,,,,"Rs 2,999",https://static.priceoye.pk/images/out-of-stock.svg
483, E- Tachi Mega Metal,,,,"Rs 3,799",https://static.priceoye.pk/images/out-of-stock.svg
484, FAYWA F2,,,"Rs 2,775","Rs 2,299",https://static.priceoye.pk/images/out-of-stock.svg
485, GIONEE L800i,,,,"Rs 3,799",https://static.priceoye.pk/images/out-of-stock.svg
486, Club Mobile A5000,5.0,1.0,,"Rs 3,499",https://static.priceoye.pk/images/out-of-stock.svg
487, Calme C106,5.0,1.0,,"Rs 2,399",https://static.priceoye.pk/images/out-of-stock.svg
488, Calme C888,,,"Rs 2,999","Rs 2,899",https://static.priceoye.pk/images/out-of-stock.svg
489, Calme E1000,,,,"Rs 3,199",https://static.priceoye.pk/images/out-of-stock.svg
490, E-Tachi Music E10,5.0,1.0,,"Rs 3,899",https://static.priceoye.pk/images/out-of-stock.svg
491, Gionee Q26,,,"Rs 3,599","Rs 3,499",https://static.priceoye.pk/images/out-of-stock.svg
492, Calme CL251,,,"Rs 3,399","Rs 2,999",https://static.priceoye.pk/images/out-of-stock.svg
493, Realme C75,4.9,25.0,"Rs 46,999","Rs 38,499",https://static.priceoye.pk/images/out-of-stock.svg
494, Spice iPro Max,,,,"Rs 2,849",https://static.priceoye.pk/images/out-of-stock.svg
495, Club Mobile Magic 2 Plus,5.0,1.0,,"Rs 2,350",https://static.priceoye.pk/images/out-of-stock.svg
496, VIVO V60 Lite,5.0,5.0,"Rs 76,999","Rs 70,999",https://static.priceoye.pk/images/out-of-stock.svg
497, Vgo tel iMusic Pro,,,"Rs 4,999","Rs 4,229",https://static.priceoye.pk/images/out-of-stock.svg
498, Club Mobile 113,,,"Rs 3,999","Rs 3,349",https://static.priceoye.pk/images/out-of-stock.svg
499, Sego Note 80x,,,,"Rs 21,999",https://static.priceoye.pk/images/out-of-stock.svg
500, Poco M6 Pro,4.7,10.0,"Rs 89,999","Rs 83,999",https://static.priceoye.pk/images/out-of-stock.svg
501, VGO-TEL Easy 200,4.0,1.0,,"Rs 2,549",https://static.priceoye.pk/images/out-of-stock.svg
502, Poco F6,4.7,5.0,"Rs 144,999","Rs 131,999",https://static.priceoye.pk/images/out-of-stock.svg
503, Poco F6 Pro,5.0,1.0,"Rs 174,999","Rs 169,999",https://static.priceoye.pk/images/out-of-stock.svg
504, Club Mobile Ali Baba,,,,"Rs 2,699",https://static.priceoye.pk/images/out-of-stock.svg
505, me Mobile L788,5.0,1.0,,"Rs 2,599",https://static.priceoye.pk/images/out-of-stock.svg
506, Gionee Q23,,,,"Rs 3,299",https://static.priceoye.pk/images/out-of-stock.svg
507, Calme Music 600,5.0,2.0,,"Rs 2,899",https://static.priceoye.pk/images/out-of-stock.svg
508, E-Tachi B222 lite,,,,"Rs 2,999",https://static.priceoye.pk/images/out-of-stock.svg
509, E- Tachi Mega Metal,,,,"Rs 3,799",https://static.priceoye.pk/images/out-of-stock.svg
510, FAYWA F2,,,"Rs 2,775","Rs 2,299",https://static.priceoye.pk/images/out-of-stock.svg
511, GIONEE L800i,,,,"Rs 3,799",https://static.priceoye.pk/images/out-of-stock.svg
512, Club Mobile A5000,5.0,1.0,,"Rs 3,499",https://static.priceoye.pk/images/out-of-stock.svg
513, Calme C106,5.0,1.0,,"Rs 2,399",https://static.priceoye.pk/images/out-of-stock.svg
514, Calme C888,,,"Rs 2,999","Rs 2,899",https://static.priceoye.pk/images/out-of-stock.svg
515, Calme E1000,,,,"Rs 3,199",https://static.priceoye.pk/images/out-of-stock.svg
516, E-Tachi Music E10,5.0,1.0,,"Rs 3,899",https://static.priceoye.pk/images/out-of-stock.svg
517, Gionee Q26,,,"Rs 3,599","Rs 3,499",https://static.priceoye.pk/images/out-of-stock.svg
518, Calme CL251,,,"Rs 3,399","Rs 2,999",https://static.priceoye.pk/images/out-of-stock.svg
519, Realme C75,4.9,25.0,"Rs 46,999","Rs 38,499",https://static.priceoye.pk/images/out-of-stock.svg
520, Spice iPro Max,,,,"Rs 2,849",https://static.priceoye.pk/images/out-of-stock.svg
521, Club Mobile Magic 2 Plus,5.0,1.0,,"Rs 2,350",https://static.priceoye.pk/images/out-of-stock.svg
522, me Mobile L108,5.0,1.0,,"Rs 2,799",https://static.priceoye.pk/images/out-of-stock.svg
523, me Mobile Magic Star,4.9,21.0,,"Rs 3,550",https://static.priceoye.pk/images/out-of-stock.svg
524, me Mobile Magic Max,5.0,2.0,,"Rs 2,799",https://static.priceoye.pk/images/out-of-stock.svg
525, VGO TEL Smart HI-FI,4.8,5.0,"Rs 4,799","Rs 4,699",https://static.priceoye.pk/images/out-of-stock.svg
526, VNUS Rock 1,4.3,5.0,"Rs 10,999","Rs 10,099",https://static.priceoye.pk/images/out-of-stock.svg
527, me Mobile Magic Power,5.0,4.0,"Rs 2,999","Rs 2,549",https://static.priceoye.pk/images/out-of-stock.svg
528, Club Mobile Ali Baba 1,,,,"Rs 2,699",https://static.priceoye.pk/images/out-of-stock.svg
529, Club Mobile A1000,4.8,4.0,,"Rs 3,799",https://static.priceoye.pk/images/out-of-stock.svg
530, E-Tachi E5310 Lite,,,,"Rs 3,799",https://static.priceoye.pk/images/out-of-stock.svg
531, VGO TEL iMusic Lite,5.0,2.0,,"Rs 3,899",https://static.priceoye.pk/images/out-of-stock.svg
532, E-Tachi B222,,,,"Rs 2,999",https://static.priceoye.pk/images/out-of-stock.svg
533, Club Mobile A9 Victory,5.0,2.0,,"Rs 2,999",https://static.priceoye.pk/images/out-of-stock.svg
534, Calme Music 400,,,,"Rs 3,499",https://static.priceoye.pk/images/out-of-stock.svg
535, Xmobile X16,4.0,1.0,,"Rs 3,999",https://static.priceoye.pk/images/out-of-stock.svg
536, Realme C11 2021,4.9,64.0,"Rs 29,399","Rs 18,299",https://static.priceoye.pk/images/out-of-stock.svg
537, Jazz Digit Crown 4G,,,,"Rs 6,299",https://static.priceoye.pk/images/out-of-stock.svg
538, VGO TEL i12,5.0,2.0,"Rs 5,250","Rs 4,749",https://static.priceoye.pk/images/out-of-stock.svg
539, Xiaomi Redmi 12,4.9,1025.0,"Rs 35,999","Rs 33,499",https://static.priceoye.pk/images/out-of-stock.svg
540, Qmobile QGuru Plus,4.8,24.0,"Rs 2,099","Rs 1,949",https://static.priceoye.pk/images/out-of-stock.svg
541, FAYWA Eagle 2 (4 SIM),4.8,36.0,"Rs 3,999","Rs 2,999",https://static.priceoye.pk/images/out-of-stock.svg
542, X-CELL XL-602,,,,"Rs 2,699",https://static.priceoye.pk/images/out-of-stock.svg
543, OUKITEL C36,,,"Rs 20,999","Rs 20,499",https://static.priceoye.pk/images/out-of-stock.svg
544, UMIDIGI A15,5.0,1.0,"Rs 42,999","Rs 30,399",https://static.priceoye.pk/images/out-of-stock.svg
545, QMobile Q130 Pro,,,,"Rs 2,465",https://static.priceoye.pk/images/out-of-stock.svg
546, Qmobile Q105i,,,,"Rs 2,415",https://static.priceoye.pk/images/out-of-stock.svg
547, GFive pro,5.0,10.0,"Rs 3,299","Rs 3,199",https://static.priceoye.pk/images/out-of-stock.svg
548, Nokia 150 (2023),4.9,61.0,"Rs 8,999","Rs 6,799",https://static.priceoye.pk/images/out-of-stock.svg
549, Calme 4G LITE,,,"Rs 7,149","Rs 5,799",https://static.priceoye.pk/images/out-of-stock.svg
550, Calme battery ka pehlwan,5.0,4.0,,"Rs 3,524",https://static.priceoye.pk/images/out-of-stock.svg
551, Qmobile E3000 Music,,,,"Rs 3,399",https://static.priceoye.pk/images/out-of-stock.svg
552, Club Mobile Noori naath,,,"Rs 3,199","Rs 3,099",https://static.priceoye.pk/images/out-of-stock.svg
553, E-tachi Five Star,,,"Rs 4,499","Rs 4,249",https://static.priceoye.pk/images/out-of-stock.svg
554, Calme Four Sim,,,"Rs 3,499","Rs 3,349",https://static.priceoye.pk/images/out-of-stock.svg
555, Hello Tech G7,,,,"Rs 2,399",https://static.priceoye.pk/images/out-of-stock.svg
556, Calme M116,,,,"Rs 2,799",https://static.priceoye.pk/images/out-of-stock.svg
557, Vivo X200 Pro,5.0,4.0,"Rs 329,999","Rs 278,499",https://static.priceoye.pk/images/out-of-stock.svg
558, ZTE Blade A35,4.9,16.0,"Rs 18,999","Rs 17,799",https://static.priceoye.pk/images/out-of-stock.svg
559, VGO Tel New 26,4.7,19.0,"Rs 27,500","Rs 24,999",https://static.priceoye.pk/images/out-of-stock.svg
560, Nokia 108 (2024),4.9,21.0,"Rs 4,999","Rs 4,599",https://static.priceoye.pk/images/out-of-stock.svg
561, itel A50C,4.6,6.0,"Rs 19,999","Rs 16,999",https://static.priceoye.pk/images/out-of-stock.svg
562, Itel S25 Ultra,4.8,29.0,"Rs 49,999","Rs 45,299",https://static.priceoye.pk/images/out-of-stock.svg
563, Xiaomi Poco X7 pro,4.9,14.0,"Rs 139,999","Rs 136,999",https://static.priceoye.pk/images/out-of-stock.svg
564, Gfive 16 Pro,5.0,2.0,"Rs 18,499","Rs 17,899",https://static.priceoye.pk/images/out-of-stock.svg
565, Gfive Note 25 ultra,5.0,2.0,"Rs 20,999","Rs 20,499",https://static.priceoye.pk/images/out-of-stock.svg
566, Memobile Yorker,,,,"Rs 2,500",https://static.priceoye.pk/images/out-of-stock.svg
567, Hello Tech G4,,,,"Rs 3,649",https://static.priceoye.pk/images/out-of-stock.svg
568, Club Mobile Sultan,,,,"Rs 3,349",https://static.priceoye.pk/images/out-of-stock.svg
569, VGO TEL New 15 Pro,4.6,8.0,"Rs 17,750","Rs 17,099",https://static.priceoye.pk/images/out-of-stock.svg
570, Club Mobile Music 3000,,,,"Rs 2,350",https://static.priceoye.pk/images/out-of-stock.svg
571, Philips Fun 100,5.0,2.0,"Rs 3,499","Rs 2,649",https://static.priceoye.pk/images/out-of-stock.svg
572, Nokia 130 Music,5.0,6.0,,"Rs 6,539",https://static.priceoye.pk/images/out-of-stock.svg
573, Itel A90,5.0,2.0,,"Rs 20,999",https://static.priceoye.pk/images/out-of-stock.svg
574, Sego Zero 50 (Mediatek Helio G100),4.9,13.0,"Rs 43,999","Rs 36,323",https://static.priceoye.pk/images/out-of-stock.svg
575, Oppo Reno 14F 5G,5.0,3.0,"Rs 99,999","Rs 94,999",https://static.priceoye.pk/images/out-of-stock.svg
576, Xsmart Core X,5.0,2.0,"Rs 22,499","Rs 16,999",https://static.priceoye.pk/images/out-of-stock.svg
577, GFive Style 4G,4.9,36.0,,"Rs 16,299",https://static.priceoye.pk/images/out-of-stock.svg
578, GFive magic pro,5.0,1.0,,"Rs 3,399",https://static.priceoye.pk/images/out-of-stock.svg
579, Samsung Galaxy A35 5G,4.8,57.0,"Rs 119,999","Rs 82,299",https://static.priceoye.pk/images/out-of-stock.svg
580, Calme 4G Edge,,,"Rs 9,500","Rs 8,799",https://static.priceoye.pk/images/out-of-stock.svg
581, Calme 4G king,4.4,4.0,"Rs 9,999","Rs 8,999",https://static.priceoye.pk/images/out-of-stock.svg
582, E-tachi Ipro 4g,,,"Rs 7,199","Rs 7,099",https://static.priceoye.pk/images/out-of-stock.svg
583, Spice Mega Music,,,,"Rs 2,425",https://static.priceoye.pk/images/out-of-stock.svg
584, Calme C222,4.0,1.0,,"Rs 3,099",https://static.priceoye.pk/images/out-of-stock.svg
585, Club Mobile Night Club Pro,5.0,1.0,"Rs 2,999","Rs 2,899",https://static.priceoye.pk/images/out-of-stock.svg
586, Calme C107,,,,"Rs 2,599",https://static.priceoye.pk/images/out-of-stock.svg
587, Xiaomi Redmi Note 14 Pro Plus,4.7,21.0,"Rs 144,999","Rs 125,999",https://static.priceoye.pk/images/out-of-stock.svg
588, Vivo Y200 4G,4.8,33.0,"Rs 59,999","Rs 52,499",https://static.priceoye.pk/images/out-of-stock.svg
589, calme C661,,,,"Rs 2,899",https://static.priceoye.pk/images/out-of-stock.svg
590, Calme C552,,,"Rs 2,999","Rs 2,899",https://static.priceoye.pk/images/out-of-stock.svg
591, Calme Music 500,,,"Rs 3,099","Rs 3,049",https://static.priceoye.pk/images/out-of-stock.svg
592, me Mobile Power Music,,,,"Rs 1,799",https://static.priceoye.pk/images/out-of-stock.svg
593, me Mobile Magic Star Pro,,,,"Rs 2,699",https://static.priceoye.pk/images/out-of-stock.svg
594, REMAXX Eco,5.0,1.0,,"Rs 2,499",https://static.priceoye.pk/images/out-of-stock.svg
595, Calme Music 300,,,"Rs 3,149","Rs 2,999",https://static.priceoye.pk/images/out-of-stock.svg
596, E-Tachi E7i,,,"Rs 4,199","Rs 3,799",https://static.priceoye.pk/images/out-of-stock.svg
597, E-Tachi E888,,,"Rs 3,949","Rs 3,749",https://static.priceoye.pk/images/out-of-stock.svg
598, E-Tachi E777,,,,"Rs 3,899",https://static.priceoye.pk/images/out-of-stock.svg
599, GFive Rock,,,,"Rs 2,700",https://static.priceoye.pk/images/out-of-stock.svg
600, Vgo Tel iMusic Plus,,,"Rs 3,649","Rs 3,499",https://static.priceoye.pk/images/out-of-stock.svg
601, HelloTech M3,4.0,2.0,"Rs 2,749","Rs 2,549",https://static.priceoye.pk/images/out-of-stock.svg
602, HMD Aura 2,5.0,4.0,"Rs 24,999","Rs 19,999",https://static.priceoye.pk/images/out-of-stock.svg
603, Sego Smart 9 Play,5.0,4.0,"Rs 15,999","Rs 15,899",https://static.priceoye.pk/images/out-of-stock.svg
604, QMobile Boom 200,5.0,1.0,"Rs 2,499","Rs 2,399",https://static.priceoye.pk/images/out-of-stock.svg
605, Dcode Cygnal X,5.0,1.0,"Rs 22,999","Rs 19,999",https://static.priceoye.pk/images/out-of-stock.svg
606, Calme SL100,,,"Rs 3,999","Rs 3,399",https://static.priceoye.pk/images/out-of-stock.svg
607, Calme C 222 Lite,,,"Rs 3,999","Rs 3,125",https://static.priceoye.pk/images/out-of-stock.svg
608, ZTE nubia RedMagic 11 Pro,,,"Rs 208,999","Rs 184,999",https://static.priceoye.pk/images/out-of-stock.svg
609, Nokia 230 Dual SIM,4.1,10.0,"Rs 13,399","Rs 12,329",https://static.priceoye.pk/images/out-of-stock.svg
610, Oppo A5,3.5,135.0,"Rs 42,999","Rs 39,799",https://static.priceoye.pk/images/out-of-stock.svg
611, Nokia 130,4.7,49.0,"Rs 6,699","Rs 5,909",https://static.priceoye.pk/images/out-of-stock.svg
612, Nokia 130,4.7,49.0,"Rs 6,699","Rs 6,299",https://static.priceoye.pk/images/out-of-stock.svg
613, Itel S25,4.9,128.0,"Rs 33,499","Rs 32,299",https://static.priceoye.pk/images/out-of-stock.svg
614, Sparx Note X,,,"Rs 29,999","Rs 22,799",https://static.priceoye.pk/images/out-of-stock.svg
615, Hello Tech J10,,,,"Rs 3,499",https://static.priceoye.pk/images/out-of-stock.svg
616, Sparx Neo 8i,,,"Rs 22,999","Rs 17,999",https://static.priceoye.pk/images/out-of-stock.svg
617, Sparx Neo 9i,,,"Rs 25,849","Rs 19,899",https://static.priceoye.pk/images/out-of-stock.svg
618, Club Mobile Magic 2,,,,"Rs 2,350",https://static.priceoye.pk/images/out-of-stock.svg
619, Realme 14 5G,5.0,4.0,"Rs 99,999","Rs 84,999",https://static.priceoye.pk/images/out-of-stock.svg
620, HMD Key,,,"Rs 13,999","Rs 12,199",https://static.priceoye.pk/images/out-of-stock.svg
621, VIVO V60 Lite 5G,5.0,10.0,"Rs 94,999","Rs 85,999",https://static.priceoye.pk/images/out-of-stock.svg
622, Faywa J5 classic,,,"Rs 2,999","Rs 2,849",https://static.priceoye.pk/images/out-of-stock.svg
623, Me Mobile 4g Pro,,,"Rs 6,699","Rs 6,639",https://static.priceoye.pk/images/out-of-stock.svg
624, Oppo A6s,,,"Rs 74,999","Rs 71,700",https://static.priceoye.pk/images/out-of-stock.svg
625, Xmobile X Flip,4.7,20.0,"Rs 3,999","Rs 2,199",https://static.priceoye.pk/images/out-of-stock.svg
626, Calme i14 Max,4.5,2.0,"Rs 4,499","Rs 4,099",https://static.priceoye.pk/images/out-of-stock.svg
627, Xiaomi Redmi 13C,4.9,794.0,"Rs 31,999","Rs 29,499",https://static.priceoye.pk/images/out-of-stock.svg
628, VGO TEL Note 24,4.9,217.0,"Rs 32,499","Rs 29,999",https://static.priceoye.pk/images/out-of-stock.svg
629, Samsung Galaxy S24 Ultra (12GB-256GB),4.9,39.0,"Rs 434,999","Rs 314,999",https://static.priceoye.pk/images/out-of-stock.svg
630, Calme iMax,5.0,5.0,,"Rs 2,899",https://static.priceoye.pk/images/out-of-stock.svg
631, UMIDIGI G3 Plus,,,"Rs 29,999","Rs 19,399",https://static.priceoye.pk/images/out-of-stock.svg
632, UMIDIGI A15C,,,"Rs 37,999","Rs 24,399",https://static.priceoye.pk/images/out-of-stock.svg
633, QMobile Q130 classic,,,,"Rs 2,465",https://static.priceoye.pk/images/out-of-stock.svg
634, VGO-TEL NEW 10,4.7,19.0,"Rs 13,699","Rs 12,349",https://static.priceoye.pk/images/out-of-stock.svg
635, GFive 6700 4G,4.8,7.0,"Rs 8,000","Rs 7,199",https://static.priceoye.pk/images/out-of-stock.svg
636, GFive 2Eye,4.7,13.0,"Rs 1,999","Rs 1,949",https://static.priceoye.pk/images/out-of-stock.svg
637, GFive music 400,3.0,2.0,,"Rs 3,099",https://static.priceoye.pk/images/out-of-stock.svg
638, Calme C108,,,,"Rs 2,499",https://static.priceoye.pk/images/out-of-stock.svg
639, Calme Sound Master,,,,"Rs 3,249",https://static.priceoye.pk/images/out-of-stock.svg
640, E-tachi E4 Hero,,,"Rs 3,099","Rs 2,999",https://static.priceoye.pk/images/out-of-stock.svg
641, Qmobile Spark 4000,5.0,3.0,"Rs 4,499","Rs 4,249",https://static.priceoye.pk/images/out-of-stock.svg
642, ZTE Nubia Focus Pro 5G,4.2,9.0,"Rs 49,999","Rs 44,299",https://static.priceoye.pk/images/out-of-stock.svg
643, Club Mobile 4 Plus (4-sim),5.0,1.0,,"Rs 3,299",https://static.priceoye.pk/images/out-of-stock.svg
644, Club Mobile A90+,5.0,1.0,"Rs 3,099","Rs 2,969",https://static.priceoye.pk/images/out-of-stock.svg
645, E-tachi Star One,,,"Rs 3,999","Rs 3,899",https://static.priceoye.pk/images/out-of-stock.svg
646, Club mobile One Plus,,,,"Rs 3,299",https://static.priceoye.pk/images/out-of-stock.svg
647, Apple iPhone 16 Plus,5.0,2.0,"Rs 361,500","Rs 327,999",https://static.priceoye.pk/images/out-of-stock.svg
648, Apple iPhone 16 Pro,5.0,9.0,"Rs 405,500","Rs 366,999",https://static.priceoye.pk/images/out-of-stock.svg
649, Calme Power light,5.0,1.0,,"Rs 2,999",https://static.priceoye.pk/images/out-of-stock.svg
650, Motorola Moto G85 5G,4.9,74.0,"Rs 79,999","Rs 74,999",https://static.priceoye.pk/images/out-of-stock.svg
651, me mobile L101,,,,"Rs 1,525",https://static.priceoye.pk/images/out-of-stock.svg
652, me Mobile L786,,,,"Rs 2,899",https://static.priceoye.pk/images/out-of-stock.svg
653, me Mobile L106 Pro,,,,"Rs 1,999",https://static.priceoye.pk/images/out-of-stock.svg
654, Jazz Digit Energy 4G,4.8,108.0,"Rs 7,199","Rs 5,899",https://static.priceoye.pk/images/out-of-stock.svg
655, me Mobile Power 4,5.0,1.0,"Rs 3,299","Rs 3,199",https://static.priceoye.pk/images/out-of-stock.svg
656, XMobile SL100 Plus,,,"Rs 3,649","Rs 3,349",https://static.priceoye.pk/images/out-of-stock.svg
657, Xiaomi Redmi 12C,4.9,535.0,"Rs 30,999","Rs 22,999",https://static.priceoye.pk/images/out-of-stock.svg
658, Jazz Digit Shine 4G,5.0,6.0,"Rs 8,200","Rs 7,599",https://static.priceoye.pk/images/out-of-stock.svg
659, Club Mobile A3000,4.6,4.0,,"Rs 3,399",https://static.priceoye.pk/images/out-of-stock.svg
660, Calme C885,5.0,1.0,,"Rs 3,199",https://static.priceoye.pk/images/out-of-stock.svg
661, E-Tachi E-Prime,4.8,5.0,"Rs 3,899","Rs 3,699",https://static.priceoye.pk/images/out-of-stock.svg
662, E-Tachi Magic E5,5.0,2.0,,"Rs 3,749",https://static.priceoye.pk/images/out-of-stock.svg
663, Sparx Neo 7 Ultra,4.8,191.0,"Rs 27,499","Rs 22,899",https://static.priceoye.pk/images/out-of-stock.svg
664, Calme C16,,,"Rs 2,999","Rs 2,399",https://static.priceoye.pk/images/out-of-stock.svg
665, Calme C105,,,,"Rs 2,449",https://static.priceoye.pk/images/out-of-stock.svg
666, Calme C7 pro,4.6,5.0,"Rs 3,349","Rs 3,299",https://static.priceoye.pk/images/out-of-stock.svg
667, Club Mobile 106,,,,"Rs 2,599",https://static.priceoye.pk/images/out-of-stock.svg
668, Club Mobile Maula Jutt,5.0,5.0,,"Rs 3,199",https://static.priceoye.pk/images/out-of-stock.svg
669, Club Mobile Music 110,5.0,1.0,"Rs 2,499","Rs 2,399",https://static.priceoye.pk/images/out-of-stock.svg
670, me Mobile L102,,,,"Rs 1,385",https://static.priceoye.pk/images/out-of-stock.svg
671, Calme Classic,,,,"Rs 2,600",https://static.priceoye.pk/images/out-of-stock.svg
672, X Mobile G3 Plus,,,,"Rs 3,300",https://static.priceoye.pk/images/out-of-stock.svg
673, Calme M15,,,,"Rs 2,300",https://static.priceoye.pk/images/out-of-stock.svg
674, E-tachi Ipro Ultra,,,,"Rs 4,750",https://static.priceoye.pk/images/out-of-stock.svg
675, E-Tachi Star Light,,,,"Rs 3,175",https://static.priceoye.pk/images/out-of-stock.svg
676, E-Tachi E550 mini,,,,"Rs 2,475",https://static.priceoye.pk/images/out-of-stock.svg
677, Nokia 100,,,,"Rs 7,000",https://static.priceoye.pk/images/out-of-stock.svg
678, Calme msuic500,,,,"Rs 3,300",https://static.priceoye.pk/images/out-of-stock.svg
679, E-tachi Reno Plus,,,,"Rs 4,650",https://static.priceoye.pk/images/out-of-stock.svg
680, E-Tachi E7 pro,,,,"Rs 3,799",https://static.priceoye.pk/images/out-of-stock.svg
681, E-tachi B13 Vip,,,,"Rs 2,899",https://static.priceoye.pk/images/out-of-stock.svg
682, E-tachi I pro 15,,,,"Rs 5,200",https://static.priceoye.pk/images/out-of-stock.svg
683, Club Mobile Magic 3,,,,"Rs 4,599",https://static.priceoye.pk/images/out-of-stock.svg
684, E-tachi Power 1000,,,,"Rs 4,450",https://static.priceoye.pk/images/out-of-stock.svg
685, E-tachi Smart Plus,,,,"Rs 3,499",https://static.priceoye.pk/images/out-of-stock.svg
